标注人_0,标注人_1,appid,序号,url,title,desc,0_场景,1_场景,0_行业,1_行业,,,,,,
ljh,myy,d37f6280-67b5-4e56-9adf-96270a5ab4d5,801,www.rabbitpre.com/m/M7fURjG,【公布名单】iphone 6S、油卡和行车记录仪，今天来领！,错过今日，只能明年！,产品推广,产品推广,保险,汽车服务,,,,,,
ljh,myy,34672864-8830-49d9-bf61-453446291b22,802,www.rabbitpre.com/m/77j2ea8,宝应盛大“郎牌特曲”第二届钓鱼邀请函,,体育竞赛,体育竞赛,无行业,酒,,,,,,
ljh,myy,a7699569-f0f3-41ba-be11-00ccbacfb566,803,www.rabbitpre.com/m/3r6IJZfq0,赛车票,珠澳双城送赛车票,体育竞赛,体育竞赛,无行业,运动健身,,,,,,
ljh,myy,2306577a-39e7-429a-8cb2-5bc30c9dd79b,804,www.rabbitpre.com/m/aaEfijb6C,锦艺国际轻纺城春节期间封场管理事项,,事务性通知/科普,事务性通知/科普,家纺,贸易批发,家纺,,,,,
ljh,myy,d8d35249-72f4-4ac6-829a-5d10dcca3371,805,www.rabbitpre.com/m/ZReMuUnN1,OPPO超级体验店-落户通州,150平米超大互动体验区！OPPO超级体验店落户通州新城核心商务区！,开业,产品推广,手机,手机,,,,,,
ljh,myy,cde74961-860f-4aab-9e9c-d334c46d5106,806,www.rabbitpre.com/m/rqaybi7A6,快来看！快来看！艾佰佳窗帘重装开业，钜惠全城！,开业价就是出厂价！,开业,产品推广,产品推广,家纺,家居软饰,家居软饰,,,,
ljh,myy,a114886d-2949-43ec-8e01-85bd832c78e5,807,www.rabbitpre.com/m/FJnzr6mz1,创新金融与智能风控发展趋势论坛,创新金融与智能风控发展趋势论坛，10月25日即将拉开帷幕 ，欢迎各位莅临！！！,行业论坛,行业论坛,其它金融服务（待分）,互联网金融,,,,,,
ljh,myy,64685504-0a99-41a4-9744-7f7fde97e98d,808,www.rabbitpre.com/m/NbAva2K,农易-资中特产,资中地处四川盆地中部，东邻东兴区和安岳县，南接威远县，西连仁寿县，北靠资阳市。,产品推广,产品推广,粮油副食,休闲食品,生鲜水果,粮油副食,休闲食品,,,
ljh,myy,63fc5126-5a4a-4d40-afc9-05601e3ab9d2,809,www.rabbitpre.com/m/6vy6Vrq,职工疗休养报名,重庆：8/22-8/27       粤东巽寮湾：8/22-8/27 腾冲：8/7-8/12,团队展示/团建,团队展示/团建,医疗,旅游,,,,,,
ljh,myy,63433b53-2f96-4392-bef7-36d8809bc4ae,810,www.rabbitpre.com/m/ZZvqqizV5,一言不合就送钱，100%现金派！,有钱有免单，有爱有福利，壹房东真金白银实时大派送，来相爱吧,产品推广,产品推广,实业平台,地产中介,地产中介,,,,,
ljh,myy,bb3e7ae4-cd2d-4529-b83c-d598280b8475,811,www.rabbitpre.com/m/3EveY3G,【大牌大聚惠】激情十月，为您约惠,10月22日与您相约京湖大酒店，激情十月，为您约惠，活动热线：7181519,产品推广,产品推广,家装建材,家电,家装建材,,,,,
ljh,myy,e9ed05fc-34c1-4d62-ae20-47c81a5af9a7,812,www.rabbitpre.com/m/2jjVv6eUX,你想去阿里巴巴吗？快参加阿里巴巴寻梦之旅吧！,,产品推广,产品推广,工具软件,电商,,,,,,
ljh,myy,da52e879-2226-4663-940e-9ce96b58142a,818,www.rabbitpre.com/m/ybE37Quy6,进口食品折扣店开业啦！,不出国门，尽享世界美食！,开业,产品推广,产品推广,休闲食品,零售渠道,休闲食品,酒,奶制品,软饮料,
ljh,myy,c6ac8983-5c30-41d6-b2b7-dad6fe66d836,822,www.rabbitpre.com/m/ZBrq2qo,迎中秋，百信药店开业大酬宾！,,开业,产品推广,产品推广,医药用品,医药用品,,,,,
ljh,myy,6a4fb2cc-4b77-4beb-8f0a-2e9c0cac7410,823,www.rabbitpre.com/m/3UjqQjp,吉林市博物馆展览邀请函,,博物/艺术展,博物/艺术展,无行业,文娱,,,,,,
ljh,myy,7bedee36-dbc5-46f0-af78-e137493b0212,825,www.rabbitpre.com/m/fYVjymg,不苟同于平凡的力量！,诚信为邦，诚善兴邦,产品推广,产品推广,咨询,地产中介,商业地产,咨询,,,,
ljh,myy,0d8f0996-99d6-4e09-be1d-04fa7c178e8b,829,www.rabbitpre.com/m/aUBQ2riFl,鸿图伟业资产管理有限公司,招聘：电话销售、网络销售、销售代表、分析师。,招聘,招聘,咨询,理财,,,,,,
ljh,myy,579af17d-ddd0-4ac2-b511-874bf5a4e6cf,833,www.rabbitpre.com/m/MIv6YvyjM,休闲旅游哪里去，藏马山国际旅游度假区！,藏马山一日游发车喽~每周六、日发车！快乐畅游藏马山，轻松舒适一整天！,产品推广,产品推广,度假,旅游,,,,,,
ljh,myy,63e2e0b8-e715-41e2-a4bf-14456d5ee63a,836,www.rabbitpre.com/m/7BRJ3qH,凤凰之星·少儿才艺大赛全省启动仪式暨官方新闻发布会邀请函,6月18日，凤凰之星将在广州增城1978创意园举行新闻发布会，诚邀您莅临参与指导。,艺术竞赛,艺术竞赛,无行业,政府综合服务,,,,,,
ljh,myy,599a127f-300b-4b0a-9c11-70ff8cd9701c,838,www.rabbitpre.com/m/rYzUBfA,"""新三峡十大旅游新景观""特别推荐—忠县三峡港湾国际旅游度假区","""新三峡十大旅游新景观""特别推荐——忠县三峡港湾国际旅游度假",产品推广,产品推广,旅游,度假,,,,,,
ljh,myy,b6cfa06b-18f7-4e71-a969-a9d5bf835b81,840,www.rabbitpre.com/m/MQmzrijzB,李海不锈钢,致力于不锈钢加工、制作、安装等服务。承接门窗、橱柜、楼梯扶手等不锈钢产品的制作加工。,产品推广,产品推广,家装建材,材料,,,,,,
ljh,myy,1c71622e-e3af-410d-8fef-d865044b210d,841,www.rabbitpre.com/m/3iAbmul,《丙申年》特种邮票首发仪式邀请函,首发仪式邀请函 诚邀您的参与,产品推广,产品推广,邮政,艺术品古董,,,,,,
ljh,myy,f1eeaad2-c057-4b8a-95bc-a7a9429c17c3,842,www.rabbitpre.com/m/FRmNmFBus,祥瑞金台 · 幸福城区春节元宵节系列文化活动,春节用户答谢,节日祝福,事务性通知/科普,政府综合服务,政府综合服务,,,,,,
ljh,myy,315ef314-9d49-4a3f-bbfe-71d46edc0475,845,www.rabbitpre.com/m/UZZrmmN,深圳经建投资有限公司招聘丨招兵买马,实习生？给自己一次机会！！,招聘,招聘,其它金融服务（待分）,理财,,,,,,
ljh,myy,8fe52af2-8081-49a0-b0b2-b670088b11f8,846,www.rabbitpre.com/m/VF3q63y,重庆工行首发 邮币双绝福字币超值套装,币王+邮王完美组合 先抢先得,产品推广,产品推广,邮政,银行,,,,,,
ljh,myy,b7d2e717-566b-4b8c-94f0-5cef9a2756fc,847,www.rabbitpre.com/m/BmNuaaEJq,郑州“百花杯”少儿舞蹈大赛,郑州最具专业性的少儿舞蹈比赛,艺术竞赛,艺术竞赛,无行业,运动健身,,,,,,
ljh,myy,2ff3a4f9-0173-4bf7-a3bc-44666051ff23,848,www.rabbitpre.com/m/3Er6rmF,优信3.0 全新升级,3.0为爱上线，我们在优课优信，等你！,产品推广,产品推广,工具软件,内容平台,,,,,,
ljh,myy,cb6376f1-6838-4c13-a723-9b781f27c73f,849,www.rabbitpre.com/m/BbimMvD,广州北汽绅宝德能4S店新车震撼登场,现场超级大豪礼大放送，8月27日13:00—16:00于广园东·东方名都等你来领！,产品推广,产品推广,汽车,汽车服务,,,,,,
ljh,myy,bf2b5706-d8e3-4a0f-9478-c75021512d5b,850,www.rabbitpre.com/m/yyyayiK,中山国税2016年奋战营改增试点工作纪实,2016年全面推开营改增的日与夜，坚守在每个岗位的身与心……,政府事务,数据报告,政府综合服务,政府综合服务,,,,,,
ljh,myy,566555a4-dc70-40be-80e7-88c010cf8232,851,www.rabbitpre.com/m/MnUbq2v,见过开放的，没见过这么开放的！,就是这么开放！你敢来试吗？,招商,招商,实业平台,电商,酒,,,,,
ljh,myy,1cb6950e-27a6-4a21-9f58-72e9d7c2796d,855,www.rabbitpre.com/m/7QAQIZ3VA,2016“体彩杯”中国巴彦淖尔全球友好城市华人篮球邀请赛,,体育竞赛,体育竞赛,无行业,政府综合服务,,,,,,
ljh,myy,ba125c4c-25a9-422a-8ca7-228e22dba369,856,www.rabbitpre.com/m/Bb6zQv9,AiSleep睡眠博士,浙江丝里伯成立于2007年，是一家以人工智能开发睡眠系统为基础，提供睡眠改善整体解决方案的供应商。,产品推广,产品推广,家纺,其它3C产品,,,,,,
ljh,myy,821bfccd-9f29-4ac4-8abe-6ff09469d483,857,www.rabbitpre.com/m/YBQAeqqiv,晋商消费金融北京运营中心招聘啦！！加入我们月薪轻松过万！！,,招聘,招聘,其它金融服务（待分）,互联网金融,,,,,,
ljh,myy,486eba22-db3b-4bd9-a3df-d28039fbb829,858,www.rabbitpre.com/m/6e6YvUnFq,译夫朗格法式甜品,开业庆典 邀请函,开业,产品推广,开业,餐饮,餐饮,,,,,
ljh,myy,ba512f82-3f11-4cb3-970c-e0c00322bc4d,861,www.rabbitpre.com/m/veam6rx,4K英雄帖,4K高清电视，视觉梦幻开启的地方。,产品推广,产品推广,通信,家电,,,,,,
ljh,myy,489cf452-52e3-404a-a418-0af1bfb50c52,867,www.rabbitpre.com/m/Mm7eaai7a,祝天下所有的老师：教师节快乐,爱老师，就转发给老师看,节日祝福,心灵鸡汤,无行业,无行业,,,,,,
ljh,myy,76ee5213-d94e-4e4a-852d-63c907683742,870,www.rabbitpre.com/m/N3A3mqf,新春到，大拜年！,亲爱的家人们，三八妇乐众生系统各体系领导人拜年啦！,节日祝福,节日祝福,保健品/OTC,无行业,,,,,,
ljh,myy,dd9f826a-da47-4adc-b256-b4e78a9733ed,872,www.rabbitpre.com/m/QmFBmriFb,谢谢你的每一天，每一次，每一票~,亲，好想让你陪我一起去旅行！,产品推广,产品推广,住宅,旅游,旅游,,,,,
ljh,myy,98e20fcd-5d8b-4cdb-b7b8-053107404121,873,www.rabbitpre.com/m/eM2NmVZn2,"周大生珠宝元月一日盛大开业,千金一诺,一饰铭记","周大生珠宝开业期间,八重惊喜等你来,幸运抽大奖,苹果手机,洗衣机等幸运大奖等着你........",开业,产品推广,产品推广,珠宝,珠宝,,,,,
ljh,myy,5978ff73-b009-4384-aee1-b2d855015908,874,www.rabbitpre.com/m/ammeArY,亲友认购会，错过再等一年！,昌邑全福元霞飞、百雀羚气韵品牌春季员工亲友认购会,产品推广,产品推广,美妆,护肤,护肤,美妆,,,,
ljh,myy,0cf2aa7b-1c8a-45c1-86ae-7058442a33c4,875,www.rabbitpre.com/m/mFJJBmVZk,托马斯·费因斯坦个展“灵赋”电子邀请函,E-invitation of PSYCHOPROSA by Thomas Feuerstein,博物/艺术展,产品推广,无行业,设计,,,,,,
ljh,myy,da322c1d-e0a7-4eb3-8ff7-0acc59588e99,877,www.rabbitpre.com/m/mYbMRjm,运一平安志愿者半月刊07期,北京地铁运一支队祝您出行愉快,团队展示/团建,公益,交通,无行业,,,,,,
ljh,myy,4cac2fbb-fd04-4e27-90e1-3529afbeb496,879,www.rabbitpre.com/m/yNIRIJB24,敢爱前行 聚滇峰,2016年第四季度经销商销售市场工作会议 活动花絮,公司会议,公司会议,汽车,汽车服务,,,,,,
ljh,myy,95574a47-ff5c-46dd-a461-dedc2ea37a0d,880,www.rabbitpre.com/m/EvqMRb2,我的爸爸 我的超人,隆鑫电动车祝福天下父亲，节日快乐！,产品推广,节日祝福,非机动车,非机动车,,,,,,
ljh,myy,aa8eea62-db9c-4700-988e-eb2c6d440bd9,883,www.rabbitpre.com/m/37YRIBY37,世界名校招生会－逛展指南,,校园事务,产品推广,学校教育,应试及考证培训,,,,,,
ljh,myy,abdfb8a4-f68d-4746-9d0f-7180b9a1284e,884,www.rabbitpre.com/m/yeaum2B,世茂金铺 免费用3年,,招商,产品推广,商业地产,商业地产,,,,,,
ljh,myy,37b09cbd-e137-4efe-8ac2-91f9aed03f18,885,www.rabbitpre.com/m/QN7vqyd,唐山市朗硕商贸有限公司招聘信息,专业模板打造，只为方便大家。,招聘,招聘,贸易批发,物流,贸易批发,,,,,
ljh,myy,56d0637e-e261-4430-9d97-0550510a3da6,888,www.rabbitpre.com/m/MYJnF3zFI,想赚钱，考虑过这事儿？,外汇投资的趋势火热得不要不要的啦..是时候把握住机会啦朋友！学以致用，免后悔！,招聘,产品推广,产品推广,理财,理财,,,,,
ljh,myy,13ac67bd-2610-4228-b318-afe2478086b8,895,www.rabbitpre.com/m/rizzVnbMO,2016黑龙江?内蒙第三届 日化、洗护、微电商博览会,2016黑龙江?内蒙第三届 日化、洗护、微电商博览会,行业展会,行业展会,个人护理,家庭日用,个人护理,,,,,
ljh,myy,9a72a65c-38f9-4e78-8314-e9ea1c1eb597,896,www.rabbitpre.com/m/7NZNfqc,警企共建·情暖新春,滨州市公安局沾化分局·华能沾化热电有限公司新春联欢晚会,演出,年会/庆典,政府综合服务,政府综合服务,,,,,,
ljh,myy,5ae1e181-32a2-4e30-8601-1df28f3f35bc,897,www.rabbitpre.com/m/mFvaMI3Nk,凝聚创新力量，插上禹王腾飞的翅膀,禹王集团2015年度创新成果颁奖典礼风采集锦,团队展示/团建,公司会议,化工,医药用品,材料,化工,,,,
ljh,myy,fdb3c0eb-07f8-4652-a750-d4beda8974c9,899,www.rabbitpre.com/m/iErU7rz,顺丰小哥带你狂欢糖球会,2月16日（正月初九）， “岛城新春第一节”——青岛萝卜·元宵·糖球会隆重启幕 ,年会/庆典,产品推广,物流,粮油副食,酒,零售渠道,,,,
ljh,myy,81c2c4f9-5c86-4ba0-a65d-a6102c9835d3,900,www.rabbitpre.com/m/FbUJRzh,北京市供销学校，北京市经贸高级技术学校,     北京市供销学校 北京市经贸高级技术学校 ,校园事务,产品推广,学校教育,学校教育,,,,,,
ljh,tml,5c670ad9-a34f-475b-83f8-a1249cf8e37d,1403,www.rabbitpre.com/m/zQreayV,精品列车 优质出行,,产品推广,政府事务,交通,政府综合服务,,,,,,
ljh,tml,ff39d13a-1674-413b-8c8a-de354e7ca88e,1404,www.rabbitpre.com/m/6Y3NIRmFN,健儿屋“时尚亲子秀”开始报名啦！啦啦啦!,本次“时尚亲子秀”由健儿屋&美力艾佳联合举办。三周岁以下宝宝即可参加，可在连锁门店或微信报名。,产品推广,艺术竞赛,母婴用品,特长或素质培训,,,,,,
ljh,tml,2e22a085-3283-4886-8a82-0b2fa746b19a,1405,www.rabbitpre.com/m/aQFvAz7,2016年年会冯董重要讲话（文化篇）,,公司会议,事务性通知/科普,工具软件,其它社会服务,,,,,,
ljh,tml,5b3205d3-78f6-4f36-94fb-a6bae27049d5,1407,www.rabbitpre.com/m/vmAZnei,警惕买房陷阱！！！,当代滨江MOMA，你是开发商还是黑社会！,个人其它,心灵鸡汤,无行业,无行业,,,,,,
ljh,tml,9cc384ad-8e8f-4891-8743-40f9ff742d64,1410,www.rabbitpre.com/m/B2baqE3zI,西固华帝盛大开业8.28等你来、、、、、、,西固华帝开业钜惠  厂价同庆,开业,产品推广,开业,家电,购物中心,,,,,
ljh,tml,b3cb6971-28f6-4bbb-9c21-fb5f08b32c96,1411,www.rabbitpre.com/m/jNe6mNIJi,最最最诚挚的新年祝福送给您！,金猴报春·灵猴献瑞·马上封侯·猴年吉祥,节日祝福,心灵鸡汤,无行业,无行业,,,,,,
ljh,tml,676fda37-aeaf-44ba-8fd1-6cf49b9019f3,1414,www.rabbitpre.com/m/2EVzmio,大龙学校学生美术书法作品展邀请函,主办单位：肇庆学院美术学院 端州区教育局 肇庆市端州区大龙学校 承办单位：端州区文化馆,博物/艺术展,行业展会,学校教育,艺术品古董,,,,,,
ljh,tml,da0653ca-c0b9-4a2b-ac9f-ca0394c09581,1415,www.rabbitpre.com/m/E7Z7byl,黑格伯爵产品发布会邀请函,黑格伯爵产品发布会将于2016-03-05下午14:30-17:00隆重举行，诚挚邀请您莅临参加！,产品推广,产品推广,应试及考证培训,学校教育,,,,,,
ljh,tml,11574dc8-e910-459e-948c-d4773e32d690,1416,www.rabbitpre.com/m/fERAAQ2rG,喜临门财富峰会, 未来，已来,公司会议,行业论坛,家纺,理财,,,,,,
ljh,tml,45430d9f-ed66-4371-8dc9-64987ea44ec0,1420,www.rabbitpre.com/m/ua2yY3I,诸城最后一片仙山净土……,贡翠香茗带你走进原生态风景区，寻找真正的无公害食材。,产品推广,产品推广,旅游,生鲜水果,,,,,,
ljh,tml,d3af5be7-cff0-462c-9698-e59a8e5c45ae,1421,www.rabbitpre.com/m/IFJNBnt,荐人！站住！,出卖基友得500万，你真的不干？,招聘,招聘,互联网金融,金融财会,,,,,,
ljh,tml,5f3001c4-5757-43c0-92c2-0e7adb72f5ab,1423,www.rabbitpre.com/m/AmjFvirEM,武汉市急救中心光华路站落户市六医院,辐射周边等多个社区，快速打通生命通道，着力应对市民突发、紧急状况。,产品推广,事务性通知/科普,医疗,医疗,,,,,,
ljh,tml,718f3033-0a80-4388-aad0-60ea1a3430e6,1424,www.rabbitpre.com/m/BRNRvmp,广州10月8日（周六）《ageLOC me商机交流会》,全球第一台私人定制智能护肤机器人颠覆人类的护肤习惯，无限商机属于先知先觉的你！,产品推广,行业展会,其它3C产品,其它3C产品,,,,,,
ljh,tml,672c1647-eca4-4276-b2e1-e9624a6975fa,1425,www.rabbitpre.com/m/7uqEJBAAJ,艺心美术万圣狂欢夜,万圣节party邀你来狂欢,朋友聚会,俱乐部活动,无行业,艺术品古董,,,,,,
ljh,tml,1e79b01c-450a-43dc-a00a-a2406ba1624b,1427,www.rabbitpre.com/m/UveyimI,我是第{{count}}位参加此次点击的用户,解码八月，军迷集结,产品推广,俱乐部活动,服装相关,其它社会服务,,,,,,
ljh,tml,73713172-70bd-4942-a37b-7fe0528093b3,1428,www.rabbitpre.com/m/B27eEnVBx,全能生活城,太原恒大城,产品推广,产品推广,住宅,商业地产,住宅,,,,,
ljh,tml,d9d65b11-c895-461f-8620-6cc9bf4e9c23,1431,www.rabbitpre.com/m/7uiVRIJJN,不一样的端午节,回家陪着爸妈才是这个节日真正的意义。,产品推广,节日祝福,酒,无行业,,,,,,
ljh,tml,34f61765-07a5-46b2-a786-40b762bf53e7,1432,www.rabbitpre.com/m/fEBYfURIr,腾讯2016年毕业生封培日记,腾讯2016年毕业生第四批封培日记,团队展示/团建,校园事务,软件互联网,学校教育,,,,,,
ljh,tml,d0febf81-6954-4da2-8052-42aa03628d72,1433,www.rabbitpre.com/m/YZJvUb5,中国联通泸州市分公司,“互联网+”战略合作协议签约仪式,产品推广,公司会议,通信,通信,,,,,,
ljh,tml,a4a11338-51d8-4d33-82c8-46170a6b737f,1434,www.rabbitpre.com/m/birqMeqaT,2016加入停云优秀团队的最佳机会！,2016加入停云团队的最佳机会。,招聘,招聘,服装,自媒体,,,,,,
ljh,tml,fb971789-1b17-49c1-a8e3-5bb77ff3b760,1436,www.rabbitpre.com/m/vY3Urat,指上美食东站店开业,开业大吉，全场8折。,开业,产品推广,开业,餐饮,餐饮,,,,,
ljh,tml,f5a72508-c2e1-423e-9ccf-b62ca1e9c458,1437,www.rabbitpre.com/m/fqir6mNQb,不将就—源自武陵,未被人知的三大花田之一的“何家岩梯田”，就在这里。,产品推广,产品推广,粮油副食,政府综合服务,,,,,,
ljh,tml,6947755d-9909-4a9c-a4cc-0ffa2ec07ec5,1439,www.rabbitpre.com/m/jUZjI3E,浦源招聘,在整个经济增长放缓的情况下，浦源仍然保持2位数的增长，后劲实足，发展中的企业，需要更多优秀的人才。,招聘,招聘,粮油副食,休闲食品,,,,,,
ljh,tml,b0a2b2db-4f0a-4a36-b8bd-bbb6d75cade4,1440,www.rabbitpre.com/m/ZzeYbmB,钱袋宝伯乐奖，因您精彩！,一卷风云琅琊榜，囊尽内外奇英才！,招聘,招聘,工具软件,互联网金融,,,,,,
ljh,tml,c8c67bd1-cbd7-44f2-a5e2-591dd9b869ff,1441,www.rabbitpre.com/m/ARnQVf6,预见未来—机器人亲子体验展！高逼格！超科普！,全国巡展龙岩万宝广场站！9.15正式开展！与/高逼格.智能/机器人亲密接触！,产品推广,行业展会,其它3C产品,其它3C产品,,,,,,
ljh,tml,8eb35583-8e6c-4507-9383-22d8478a0895,1442,www.rabbitpre.com/m/Ab2Efu9,蒙扎中国商城品鉴交流会,蒙扎中国商城品鉴交流会，诚挚地邀请您拨冗莅临！5月28日下午14:00，我们不见不散！,招商,行业展会,商业地产,贸易批发,,,,,,
ljh,tml,caf234dd-9e05-43aa-8eee-10e1b8e7a6a9,1445,www.rabbitpre.com/m/bEnaU3J,杨易营销策划招聘,杨易营销策划机构，期待优秀的你加入！,招聘,招聘,广告,自媒体,,,,,,
ljh,tml,6907472a-b56f-4d8b-ba91-dfb333008e2a,1448,www.rabbitpre.com/m/AB3uaev,尚湖金牌石材背景10月5日开业啦！,尚湖金牌石材背景10月5日开业啦！,产品推广,开业,家装建材,非生活消费品,,,,,,
ljh,tml,052159b8-6738-414b-aed1-de22c9ef44f5,1449,www.rabbitpre.com/m/ZnYfAvE,涡阳出大事啦！,4月8日—4月10日九天家私“踏青季破冰价”疯狂来袭！,产品推广,产品推广,家具,旅游,,,,,,
ljh,tml,7d73caae-3280-4e70-8259-e448c8548bf5,1450,www.rabbitpre.com/m/77Zveen,三潜社开业大趴请你来high！,不是一路人，不潜一片海。 三潜社是你可靠的Buddy! 10月2日不可能错过你！,开业,产品推广,开业,运动健身,特长或素质培训,,,,,
ljh,tml,9c439152-3cc3-4833-991d-96d4237c86e6,1452,www.rabbitpre.com/m/JjMviur,中国人寿客户服务节10周年VIP客户答谢会暨养老社区项目发布,健康管理     养老养生,产品推广,行业展会,保险,保险,,,,,,
ljh,tml,82544d34-b708-48d0-afba-1f9826e9fafc,1455,www.rabbitpre.com/m/VfuY7zj,亿利来春季盛典邀请函,亿利来2016春季盛典邀请函,年会/庆典,行业展会,贸易批发,服装相关,,,,,,
ljh,tml,140f0200-8580-4758-8ecf-79263d155165,1456,www.rabbitpre.com/m/izFJvaU39,我寄送了第{{count}}封给浙大的家书。,浙大，我们不说再见！我感恩你给予我的，我践行你期望我的。,校园事务,个人其它,学校教育,学校教育,,,,,,
ljh,tml,1ec5f337-a146-40c4-bbb7-7aa10aff8a9e,1457,www.rabbitpre.com/m/nquqiyU,BIFU 2016 SS NEW ARRIVALS,,产品推广,产品推广,服装,服装相关,,,,,,
ljh,tml,9df6e172-6c2a-4ef8-8f4d-9c1e8a85b628,1458,www.rabbitpre.com/m/JnEvIjr,荷慕，美白篇,以爱之名，和和睦睦。,产品推广,产品推广,护肤,面部护理,,,,,,
ljh,tml,72dcf48c-168b-45c3-ac60-313781805028,1461,www.rabbitpre.com/m/VBeqqqyFk, 疯狂科学  快乐寒假,清华少年科学家邀请您一起畅享寒假 亲近科学,产品推广,校园事务,特长或素质培训,学校教育,,,,,,
ljh,tml,c3ebeb9d-7823-4b7f-a764-c7d70f938c21,1462,www.rabbitpre.com/m/mFJJnraM8,庭园餐厅、Nice清吧5月15日周日下午四点半盛大开业,只要转发此链接即可在开业当天到店免费喝160打百威、哈啤!,产品推广,开业,餐饮,餐饮,,,,,,
ljh,tml,25c98380-02f0-4262-af1e-cfe75cacc140,1463,www.rabbitpre.com/m/FVviArG,我的药学业务培训课邀请函,和我一起参加，还有机会抽大奖哦。,行业论坛,事务性通知/科普,医疗,医疗,,,,,,
ljh,tml,2cf77693-0029-4f3c-9438-17ddaf55b58f,1464,www.rabbitpre.com/m/MBFrmel,圣济堂商学院第一期培训现场报道（一）,圣者贤、济者善、堂者忠,公司会议,行业论坛,医药用品,商业经验技能培训,,,,,,
ljh,tml,3ef190dc-feb9-4705-b544-6e063339b640,1465,www.rabbitpre.com/m/bYvIne3,0元购，不能不来！,"中佳易购携手广德首届建材品牌0元购！不管您多忙,这次机会您不能错过！",产品推广,产品推广,家具,家装建材,家装建材,,,,,
ljh,tml,2c6af0af-1647-4910-9f0c-3757d1d0c982,1466,www.rabbitpre.com/m/jQV3quw,三月女神节 最美女播客,生活中的她们，又有怎样的一面？,团队展示/团建,产品推广,媒体,自媒体,,,,,,
ljh,tml,db216945-529f-443a-afd3-edab015bcc16,1467,www.rabbitpre.com/m/7bUryq5,热烈祝贺红寺堡200兆瓦项目顺利并网,,团队展示/团建,年会/庆典,基建,能源,,,,,,
ljh,tml,1ba7c70e-9212-46fe-a6dc-851a10b680a7,1470,www.rabbitpre.com/m/RbmiUnq,教师节 - 蒙古语祝福贺卡，送给您！,"送给所有的老师，我的老师,您好吗？",外文作品,节日祝福,无行业,无行业,,,,,,
ljh,tml,73283758-6bf1-4c51-a9d3-d3ff71d6eab8,1471,www.rabbitpre.com/m/n6j6buW,汕头东海一览（芃盛）教育--激发右脑潜能、提高学习能力,效果明显，欢迎体验,产品推广,产品推广,应试及考证培训,特长或素质培训,,,,,,
ljh,tml,0027cb70-d242-4123-96e6-a2361223d1e0,1472,www.rabbitpre.com/m/vyuyuau,壹加壹“八大金刚”全新上市,壹加壹“八大金刚”全新上市,产品推广,产品推广,家装建材,美容整形,,,,,,
ljh,tml,d01dd283-d7c9-44cb-9aae-5afb6b16d12e,1473,www.rabbitpre.com/m/77zaUzj,已有{{count}}人关注广益汽车2016年元旦盛大开业,1月4日前，只要转发本贴并集够58个赞，即免费送室内或机头精洗 ，期间进店还有礼品相关。,产品推广,开业,汽车服务,汽车配饰,汽车,,,,,
ljh,tml,f7194bae-e653-4064-b060-f52004a3f08b,1474,www.rabbitpre.com/m/e2MZbq0,丰矿人在南昌的家，你知道吗？,丰矿姐妹来东堃，愿东堃成为你”远方“的家。,校园事务,产品推广,学校教育,学校教育,,,,,,
ljh,tml,b087ed3d-5919-41de-a6a6-7ed3fd77aeaa,1477,www.rabbitpre.com/m/eEnInyX,趁年轻 要辉煌,合富辉煌营销革命新军大招募！,招聘,招聘,房地产,地产中介,,,,,,
ljh,tml,42ae5aad-3372-46f6-9d85-32036b4d31b8,1479,www.rabbitpre.com/m/mABR7vL,赋彩韵 | 美籍华裔画家张华教授个人作品展,美籍华裔画家张华教授个人作品展，极具个性化特色的意象绘画风格作品,博物/艺术展,行业展会,无行业,无行业,,,,,,
ljh,tml,dbdbd25b-e1f4-4654-b498-27bc426feb00,1480,www.rabbitpre.com/m/AjA3m2A,8月21日金沙时代广场约定你,（集赞有礼品送）卓品家装联盟8.21相约恩平金沙时代广场！,封禁,产品推广,无行业,家装建材,,,,,,
ljh,tml,b7b15886-8574-4837-a722-c30b5f5ef363,1482,www.rabbitpre.com/m/vaIjAfN,水木年华《一生有你》电影音乐宣讲会-昆明站,期待各位小伙伴的参与！,讲座,明星见面会,音乐,其它社会服务,,,,,,
ljh,tml,706bf6e9-c12e-43ca-9edd-148fa2c24e57,1483,www.rabbitpre.com/m/Yzimiem,大风车早教过渡班招生啦！你转我就送55度恒温保温杯！,大风车过渡班招生啦！,产品推广,产品推广,特长或素质培训,学校教育,,,,,,
ljh,tml,a81d5e92-6555-40a7-9caf-9b92e85c7a38,1484,www.rabbitpre.com/m/yyM7jix,中国食品餐饮博览会,一场美食之旅，一次商机之遇，中国食餐会就等您来！,行业展会,行业展会,餐饮,食品,餐饮,,,,,
ljh,tml,3e4b11e3-2f87-47c2-b8cc-5452d4272162,1485,www.rabbitpre.com/m/Uvqq63r,中铁一局城轨这一年,,团队展示/团建,政府事务,交通,交通,,,,,,
ljh,tml,7047795f-d1bc-434c-ab45-0a62b13f990e,1486,www.rabbitpre.com/m/QnMr6v8,丰城精品店开业庆典盛大举行,神帆金色年代丰城精品店超值开业大酬宾~,开业,产品推广,开业,保健按摩,保健按摩,,,,,
ljh,tml,7a9e92c2-06d8-428e-81af-169005a0235a,1487,www.rabbitpre.com/m/bUBuEBYZh,国威安徽展财富峰会于4月22日下午隆重召开!国威展位：特C,4月22日下午3:00，届时召开国威雷霆计划财富峰会，邀请您拔冗光临，共启财富盛宴！,招商,行业展会,非机动车,理财,,,,,,
ljh,tml,7f6c1c17-4963-4110-8be2-fb566a3a4b92,1488,www.rabbitpre.com/m/FJBYBuEf5,牛逼人生 纯属意外 | 招人啦！,意公子一直想勾搭个牛人来意外！,招聘,招聘,影视,自媒体,,,,,,
ljh,tml,79909398-3901-483c-ac99-df133cc84771,1489,www.rabbitpre.com/m/v6eqMeiNA,璀璨新店开业起航招聘榜,广州市新塘凤绫中国风文化艺术坊璀璨新店开业起航招聘榜,招聘,招聘,摄影,艺术品古董,,,,,,
ljh,tml,8c0709cc-f8f0-4c0d-947e-8957ed75c182,1492,www.rabbitpre.com/m/fURAYnryL,吹鸡喇！组团挑战凯德荧光运动会！,湛江最刺激的荧光运动会吹鸡喇，你还等什么！,体育竞赛,体育竞赛,无行业,其它社会服务,,,,,,
ljh,tml,2cce314b-a2ac-4f77-8a5a-65311648c1c9,1493,www.rabbitpre.com/m/77jQZvo,5月8日走进吉林市围城惠战火拼到底,购卡保值，立享3大特权  99元爆款 嗨爆全场,产品推广,产品推广,家具,家装建材,家庭消费品,,,,,
ljh,tml,1f6a88b7-7f00-4daa-a9a8-16451949e236,1495,www.rabbitpre.com/m/FJRIBua6N,抗洪抢险  全力以赴,,政府事务,心灵鸡汤,政府综合服务,无行业,,,,,,
ljh,tml,20918a5a-c4d8-48d8-817a-b81ef02e95be,1496,www.rabbitpre.com/m/URAm7QIRl,丰镇萬人商厦盛大开业全体员工恭候您的光临！,,开业,产品推广,开业,购物中心,购物中心,,,,,
ljh,tml,4cd2a0e1-274d-4582-911f-24ccf39b8a07,1497,www.rabbitpre.com/m/aUvMuaUR8,学会说德语，只需2小时！德语名师李胤奇免费公开课来啦！,连续2天，发音入门班+A1语法串讲！,讲座,产品推广,产品推广,特长或素质培训,特长或素质培训,,,,,
ljh,tml,1f4eb1c4-4a97-4f0e-abd9-d59a55566ee8,1498,www.rabbitpre.com/m/jqU7fqE,金色家园网（郑州）招聘,给梦想一个机会！快来加入我们！,招聘,招聘,实业平台,内容平台,,,,,,
ljh,tml,94a4af1b-b2ce-4aab-a47b-40b0a8a27c14,1499,www.rabbitpre.com/m/RYJRuaURg,荷颜堂圣诞大派送,,产品推广,产品推广,护肤,美妆,,,,,,
ljh,zxw,1f6052b3-6981-498b-be22-2773ae8e6512,1602,www.rabbitpre.com/m/rqqE37QYH,炎黄孝慈中医“身心病痛速化”公益普及班, 炎黄孝慈中医“身心病痛速化”公益普及班   桂林天地人和健康产业有限公司,讲座,产品推广,讲座,医疗,讲座；产品推广,医药用品,医疗,,,
ljh,zxw,93694742-138d-4bad-bf24-3ecb37154581,1603,www.rabbitpre.com/m/YFzYzaz,莱美健身燃脂狂欢之夜,,体育竞赛,演出,无行业,运动健身,体育演出,演出,,,,
ljh,zxw,43d2e25f-b45e-40b0-bbc6-5a8bb957b1d3,1604,www.rabbitpre.com/m/MJzUbq,? ???????? ????? ???  ?,,外文作品,封禁,无行业,无行业,封禁,无行业,,,,
ljh,zxw,1a271263-5445-4cb5-9d69-259280480938,1605,www.rabbitpre.com/m/JnNIZZZBC,上海建科工程咨询有限公司,青春活力炫彩，企业招聘模板！,招聘,招聘,咨询,建筑业,招聘,咨询,,,,
ljh,zxw,571b48aa-4ac7-4b2d-866c-97386c2597ac,1606,www.rabbitpre.com/m/fURQua6mr,2016，经济新常态与企业变革期下的职业经理人修炼之道！,经济新常态下如何通过自我学习，找准关键少走弯路，成长为更加卓越的优秀经理人，值得思考！,行业论坛,讲座,无行业,学校教育,行业论坛,？,,,,
ljh,zxw,40d3be01-7bf8-4891-9d11-05f690d5e2e5,1607,www.rabbitpre.com/m/RAYRIZRQe,东钱湖骑行,,朋友聚会,朋友聚会,无行业,运动健身,朋友聚会,无行业,,,,
ljh,zxw,b39930ef-b1dc-4dd7-98e3-8d283bfdeea8,1608,www.rabbitpre.com/m/u6RnEvE,全球青年大创邀约,全球青年大创本着“创新驱动”国家战略为方向，以全球化视野为指引，着眼世界前沿科技，着力增强科技发,行业论坛,文化竞赛,无行业,其它社会服务,论坛,其他社会服务,,,,
ljh,zxw,d6ec44ae-576b-4b56-ba4f-39eafc456c22,1609,www.rabbitpre.com/m/ayFJJvEJ,6团诚招兼/全职刷单员 不限时间地点 工资日结 永久可做！,给您提供一份永久可赚的平台！无需任何流动资金！日赚50-200元 多做多得...点击查看兼职详情..,封禁,招聘,无行业,无行业,封禁,无行业,,,,
ljh,zxw,2e81044d-7d78-432e-be28-e2b066259d40,1611,www.rabbitpre.com/m/BIBAInVBS,TMR杂志第二期,TMR是中国抗癌协会领导下专注于传统医学研究的英文期刊，已被万方数据收录。获巴山夜语中医传承基金支持,事务性通知/科普,产品推广,出版,医疗,出版,事务性通知/科普,出版,,,
ljh,zxw,c829a411-87ee-4528-bf49-17de4b9ddae4,1612,www.rabbitpre.com/m/zaeArir,金锁安防招商合作会议邀请函,金锁安防诚邀您参加金锁安防招商合作会议，共解行业难题！,产品推广,招商,安保,安保,招商,安保,,,,
ljh,zxw,1408def1-3b64-4477-90fd-6b7f1a441547,1613,www.rabbitpre.com/m/vy727Ivqu,日月红红果店五一隆重开业,开业期间买满多少送多少代金卷，积赞送壕礼,产品推广,开业,零售渠道,生鲜水果,开业,零售渠道,,,,
ljh,zxw,af12f586-ffb7-4c76-957a-eda3a8e4a0a2,1614,www.rabbitpre.com/m/yVZ3NAuyw,君子文化      民族基因,古有仁义礼智信，如今有什么？泱泱大国，礼仪之邦，君子文化，百端待举。,产品推广,心灵鸡汤,出版,无行业,产品推广,出版,,,,
ljh,zxw,8cb48f16-9b06-4183-b783-cc4b7d4d9b7e,1616,www.rabbitpre.com/m/UB27eM27c,二附院8大预约挂号方式，近千位专家任您挑！,挂号不排队，轻松就诊您也会！南大二附院8大预约挂号方式流程图，近千位专家任您挑！,产品推广,事务性通知/科普,医疗,医疗,事务性通知/科普,医疗,,,,
ljh,zxw,2a8eb2bf-b5b1-42a5-89a7-1c4055474bc7,1617,www.rabbitpre.com/m/Au6AmbMuk,海盗冰雪王国狂欢派对邀请函,欢乐海岸椰林沙滩—7月14日晚海盗冰雪王国狂欢派对正式开幕,产品推广,演出,其它休闲娱乐场所,餐饮,产品推广,其它娱乐场所,,,,
ljh,zxw,458dc81e-f62a-46dc-970e-ea432b44c257,1623,www.rabbitpre.com/m/EnFnriFZB,喜庆吉祥年 如意金佛来,工行上海市分行名山文化系列贵金属产品特惠活动,产品推广,产品推广,珠宝,其它金融服务（待分）,产品推广,珠宝,,,,
ljh,zxw,00ab8ad1-7f16-4911-a72e-5d5d64a72285,1624,www.rabbitpre.com/m/Qvm6fyc,Bigbang门票免费送,我要萌奇送我Bigbang票,产品推广,产品推广,音乐,其它3C产品,产品推广,其它3C产品,,,,
ljh,zxw,02c72a32-e403-4d55-b81c-b12d84531f6d,1627,www.rabbitpre.com/m/eUvEvURIV,长虹&国美 先礼后冰 裸价狂奔,,产品推广,产品推广,家电,购物中心,产品推广,家电,,,,
ljh,zxw,6ba47040-6249-4654-8cfa-037651b84c1c,1631,www.rabbitpre.com/m/eMRFnaC,巷后吧3月14日盛大开业—特惠酬宾,我们的青春不散场！,开业,产品推广,产品推广,酒吧,酒吧,开业；产品推广,酒吧,,,
ljh,zxw,d1462900-1fb0-43fe-8f70-e9dae699b10c,1632,www.rabbitpre.com/m/32ERfeZ,麦宝2016成都春季糖酒会邀请函,麦宝与您3月相约成都，不见不散！,招商,产品推广,休闲食品,酒,产品推广,休闲食品,,,,
ljh,zxw,5928fa21-f5ed-4b40-bfc0-35da1290e3dc,1633,www.rabbitpre.com/m/6AYZvU3NX,益生菌将替代抗生素！对孩子是一种救赎！,中国对抗生素的滥用程度已经严重超标，而好大夫牌多维锌益生菌粉有望替代抗生素，实现“以菌治菌”。,产品推广,事务性通知/科普,保健品/OTC,医疗,产品推广,保健品/OTC,,,,
ljh,zxw,49a832ea-eb16-4b77-9ced-14edb839a2d3,1634,www.rabbitpre.com/m/fQRBzy8,路桥农村合作银行给您拜年啦！,路桥农村合作银行给您拜年啦！,产品推广,产品推广,理财,银行,产品推广,银行,,,,
ljh,zxw,ee1d2378-3d6d-4902-9b77-363ccc6b0572,1636,www.rabbitpre.com/m/faUfMQAAK,王氏商会成立五年首笔赞助到账,王氏商会成立五周年之际，王健鸣率先赞助1万现金和价值4万的茅台酒已到账。联系65400808,行业论坛,年会/庆典,无行业,其它金融服务（待分）,行业论坛,无行业,,,,
ljh,zxw,5bd94f29-6188-4c1b-8bd6-369897bde03f,1639,www.rabbitpre.com/m/URVNnek,共渡难关！海事旗飘扬在防洪第一线！,江湖告急！洪水无情，湖北港航海事在坚守。,政府事务,心灵鸡汤,政府综合服务,,政府事务,政府综合服务,,,,
ljh,zxw,32b5a1e7-a8ba-4025-9e75-c3bdb3f6132d,1640,www.rabbitpre.com/m/zNAYfy7YD,易货会邀请函,货来货往全国第十一届无现金交易博览会（阳泉站）2016年1月9日美隆国际盛大开幕,行业展会,开业,电商,贸易批发,零售渠道,行业展会,电商；贸易批发,,,
ljh,zxw,11a39e38-9799-47d4-91e6-5719426e6579,1641,www.rabbitpre.com/m/qiFnjNYvP,妈妈，我爱你,河南区域营销管理部祝所有母亲节日快乐，幸福安康,心灵鸡汤,节日祝福,房地产,住宅,节日祝福,房地产,,,,
ljh,zxw,65343434-1565-4c39-ab63-795da8556982,1642,www.rabbitpre.com/m/Z3zFfqEZ7,招聘-紫晶城,漯河紫晶城娱乐会所招聘,招聘,招聘,购物中心,酒吧；KTV；其它休闲娱乐场所,招聘,酒吧；KTV；其它休闲娱乐场所,,,,
ljh,zxw,c5d6a81e-9164-4641-a088-32f05b02135d,1645,www.rabbitpre.com/m/3UNZnuX,宏信车友招贤纳士,让我们一起为梦想打拼！,招聘,招聘,汽车服务,汽车,招聘,汽车,,,,
ljh,zxw,cff1e7d5-f0ad-403c-a397-6024df1f1e8b,1647,www.rabbitpre.com/m/Bmzr6eMed,他用逐渐消失的背影，告诉你：不必追！,献给一生中最爱我们的那个男人！,节日祝福,心灵鸡汤,无行业,无行业,节日祝福,无行业,,,,
ljh,zxw,98762024-f637-4111-8c96-b2333db9ceb1,1648,www.rabbitpre.com/m/rERvquz,官官祝您中秋快乐,只因有你一路陪伴，中原官网才能勇往直前，中秋快乐！,节日祝福,产品推广,实业平台,房地产,商业地产,节日祝福,商业地产,,,
ljh,zxw,c55f020b-9b31-4511-8d06-d47445be7ab1,1649,www.rabbitpre.com/m/rI7jMzJ,川藏+珠峰+青藏21日自驾游（活动日期暂定6月15日）,,俱乐部活动,产品推广,无行业,旅游,俱乐部活动,无行业,,,,
ljh,zxw,d84f20a1-4fc9-4ab1-978a-9e0fefb26adc,1650,www.rabbitpre.com/m/A7bu6vX,领袖建材商会 畅享领袖价值,第二届领袖建材商会超值优惠震撼登场 买建材请您等一等 今天让您占足便宜,产品推广,产品推广,家具,家装建材,家电,建筑业,产品推广,家具,家装建材,家电
ljh,zxw,4c63f090-ee39-4d8b-8736-906226d20200,1651,www.rabbitpre.com/m/QZbumul,清果家人 国庆献礼,值此国庆佳节，清果家人心连心，手挽手，歌唱祖国，共谱最美华章 ,团队展示/团建,,医疗,医药用品,,团队展示/团建,无行业,,,
ljh,zxw,7e4cf471-dec7-40a0-b485-94d7f8ee51f2,1652,www.rabbitpre.com/m/NRBBfuO,猴年快乐,,节日祝福,产品推广,其它金融服务（待分）,内容平台,节日祝福,其它金融服务（待分）,,,,
ljh,zxw,86212de8-4361-4f4d-992f-0c2084a86282,1653,www.rabbitpre.com/m/ZnrERmFvM,G7高效管车，节省物流成本,货车ETC免费办理 ，GPS定位全国安装。,产品推广,产品推广,工具软件,物流,产品推广,工具软件,,,,
ljh,zxw,45d03a08-c681-4200-98eb-d5267246fc4c,1655,www.rabbitpre.com/m/2byrirain,好礼品是免费的,0,产品推广,产品推广,香氛,广告,产品推广,香氛,,,,
ljh,zxw,56d0d9d4-2a0d-4716-807b-e0ae476d0901,1656,www.rabbitpre.com/m/6e6IZZv6L,欢乐小品喜剧汇火热订票中……,专场精品版《欢乐喜剧人》，一次喜剧界前所未有的大事件！！！,演出,产品推广,演出,戏剧,酒,影视,演出,产品推广,戏剧,酒
ljh,zxw,320484dc-18a3-4ec2-aa6f-2933608a9433,1657,www.rabbitpre.com/m/yj7e6Inz4,邀请函-2016第二届世界互联网工业大会,汇聚全球富有远见卓识的专家学者、商界领袖、行业翘楚，深入探讨制造业与互联网融合创新实践路径...,行业论坛,行业论坛,软件互联网,实业平台,行业论坛,软件互联网,,,,
ljh,zxw,079ade2e-38a1-4638-a7ae-a5c73c65a994,1658,www.rabbitpre.com/m/2i26B38,南宁英驰一站式汽车服务中心盛大开业，全年免费“双包”！！！,南宁英驰一站式汽车服务中心即日起至2016年6月26日，洗车全年免费送，0771-4895383,开业,产品推广,开业,汽车服务,汽车服务,开业,产品推广,汽车服务,,
ljh,zxw,e421e7d9-0b18-40dc-b04b-570c003311c4,1659,www.rabbitpre.com/m/q2Er6bv,hellobeer无锡店开业盛典诚邀回家聚会！,各位家长6月19日hellobeer无锡店开业盛典诚邀回家聚会！我们在家门口等您.....,开业,产品推广,开业,酒吧,酒,开业,产品推广,酒吧,,
ljh,zxw,999147fa-bdcd-4bc1-81e8-8de003f3eef3,1660,www.rabbitpre.com/m/niuYnu2,我的刮刮乐超市,,产品推广,产品推广,政府综合服务,汽车服务,产品推广,政府综合服务,,,,
ljh,zxw,f81717a3-7be8-40c2-aca0-a75c3035101b,1661,www.rabbitpre.com/m/VvUJJn1,《我的妈妈是牙科医生》,儿童牙齿保护彩科普读本，献给关心宝宝成长的各位粑粑麻麻们！,事务性通知/科普,产品推广,产品推广,出版,出版,事务性通知/科普,产品推广,出版,,
ljh,zxw,18e4e657-9b9c-4114-a4c8-0cd1e726e01c,1663,www.rabbitpre.com/m/aMeEJB2bU,南洋教务,传递科学和谐教育理念；提供权威教育政策咨询；解读教学管理举措；打造高效教育服务平台；服务广大师生。,产品推广,校园事务,应试及考证培训,学校教育,产品推广,工具软件,,,,
ljh,zxw,ffdaadaa-c62e-4978-8b02-c07d659550f1,1664,www.rabbitpre.com/m/q62zbUJZx,漆河全友家居发福利了,漆河全友家居改造升级集赞礼品免费送！！！亲们，赶快行动起来吧！,产品推广,产品推广,家具,家纺,家居软饰,产品推广,家具,家纺,,
ljh,zxw,01403951-4119-4e58-834f-c22a88e16a9d,1665,www.rabbitpre.com/m/YZReqaaMn,美团外卖骑士军团招募,美团外卖骑士军团招募,招聘,招募,实业平台,实业平台,招聘,实业平台,,,,
ljh,zxw,1ce6b463-a164-4160-a24f-ae3e5026407c,1666,www.rabbitpre.com/m/JbIbiaX,乌苏神泥新疆昌吉招商邀请函,乌苏神泥2016年10月27日与您相遇新疆，不见不散。,招商,招商,护肤,美妆,招商,护肤,,,,
ljh,zxw,d5827984-db18-4cca-8647-039e15682a3d,1668,www.rabbitpre.com/m/FReMAuMuy,缅怀衢州公安英烈,,政府事务,心灵鸡汤,政府综合服务,无行业,政府事务,政府综合服务,,,,
ljh,zxw,d45c4049-0205-41bb-afe2-bc3a69a4a71c,1670,www.rabbitpre.com/m/rYJ3A3c,“梦回故里”——王相俊钢笔画作品展,2016年7月29日—8月29日，黄海艺术博物馆，与您不见不散！,博物/艺术展,产品推广,无行业,其它社会服务,博物/艺术展,其它社会服务,,,,
ljh,zxw,0d8ca10a-b901-44e0-ad8b-ab9122636ef2,1671,www.rabbitpre.com/m/fMuUBAmrT,哈尔滨义乌城首期建成启动开幕,金秋盛事 诚邀共赏,开业,产品推广,开业,购物中心,零售渠道,开业,产品推广,购物中心,,
ljh,zxw,c4c53ce6-5940-4405-9c9b-e4486eede01e,1672,www.rabbitpre.com/m/6QAm72Fvh,河北法兰琳卡2016战略规划会邀请函,,招商,产品推广,护肤,美妆,护肤,招商,护肤,美妆,,
ljh,zxw,866a046d-715c-4f5f-b0f6-e320fb237fc1,1675,www.rabbitpre.com/m/zrEJnjVJn,景云金融招贤纳士啦！,景云金融2016招贤纳士啦！,招聘,产品推广,实业平台,其它金融服务（待分）,互联网金融,招聘,实业平台,其它金融服务（待分）,,
ljh,zxw,12e05716-1e30-49b7-9976-2bb634bcb59a,1676,www.rabbitpre.com/m/vIneIzX,光大银行北京姚家园路支行,热烈祝贺光大银行北京姚家园路支行荣获北京银监局“北京银行业‘金融知识进万家’示范点”称号！,团队展示/团建,年会/庆典,银行,银行,团队展示/团建,银行,,,,
ljh,zxw,28762756-406a-4c14-9b1f-90091d52c8f4,1678,www.rabbitpre.com/m/VJnjVfEJO,中国海洋大学AUAC精品预科项目,或许你已非凡，海大让你卓越！ 美、英、加、澳、西留学，就来海大AUAC！！！,产品推广,校园事务,应试及考证培训,学校教育,产品推广,应试及考证培训,,,,
ljh,zxw,f2e7e6cc-8791-4297-825b-f1f9cf61c078,1679,www.rabbitpre.com/m/nraybU37t,愚人节，“纸”对你说真话,痔疮？妇科炎症？粉刺？过敏？你知道病从纸入吗？想尽办法捉弄，不如想尽办法倾诉。愚人节，璞竹说真的！,产品推广,产品推广,纸品,医药用品,产品推广,纸品,,,,
ljh,zxw,76a22e84-48b6-41ec-b816-3e078b52fc14,1680,www.rabbitpre.com/m/6InVvUvEM,全国中毒救治高峰论坛暨山东省卫生应急师资培训班邀请函,盛夏七月，运河之滨。2016年全国中毒救治高峰论坛暨山东省卫生应急师资培训班在孔孟之乡济宁隆重召开。,行业论坛,事务性通知/科普,医疗,医疗,行业论坛,医疗,,,,
ljh,zxw,acad3a8a-af89-451c-996e-752392b0c9b4,1681,www.rabbitpre.com/m/eaq6YnjFR,我非来不可，兴义·第六届家居建材博览会！,3月26日-3月28日浙兴商贸博览城62家真正的大牌！不怕你来比，就怕你不来！,行业展会,行业论坛,家装建材,机械制造,行业展会,家装建材,,,,
ljh,zxw,04746764-a575-4111-b976-c89abe4f375b,1682,www.rabbitpre.com/m/3Izaaiy,节气到霜降，八佰伴折扣要双降！,10月21-27日，在八佰伴购买第2件低至1折！买2件更划算~~不能错过！,产品推广,产品推广,购物中心,零售渠道,产品推广,零售渠道,,,,
ljh,zxw,423e039d-e591-4af4-a6ae-c98ac87b0955,1686,www.rabbitpre.com/m/YZJZFby,重磅揭秘驻香港部队特战力量 我是第{{count}}位探秘者,驻香港部队是绣花枕头？是礼仪部队？是花瓶？他们的战斗力到底怎样，一起来揭晓 ,政府事务,心灵鸡汤,政府综合服务,无行业,政府事务,政府综合服务,,,,
ljh,zxw,1bf15e35-b77c-407b-9c96-224dca6ed1d7,1688,www.rabbitpre.com/m/ziQ3QfW,百合婚纱摄影名店,樟木头百合婚纱   五一钜惠全城 分享积赞送大礼  喜讯热线：82863309   18027007,产品推广,产品推广,婚庆,摄影,摄影,产品推广,婚庆,摄影,,
ljh,zxw,f51f0e40-ddb6-4bdd-8646-61ed5d8e0939,1690,www.rabbitpre.com/m/YnmQJj8,这份礼物，只有老青岛人才能打开,你是老青岛吗？青岛的大街小巷你都熟悉吗？来接受考验吧！,产品推广,事务性通知/科普,工具软件,其它社会服务,事务性通知/科普,其它社会服务,,,,
ljh,zxw,139e58d4-108b-4de5-bb22-8ead3f61b48b,1691,www.rabbitpre.com/m/2iQvUbk,专利MAX3.0长效反渗透净热饮一体机AR75-Q1新鲜上市,销售竞技场—谁是最牛史密斯达人？,产品推广,产品推广,家电,其它社会服务,产品推广,家电,,,,
ljh,zxw,719109e0-596d-48cb-98b3-acaaaca841e2,1695,www.rabbitpre.com/m/jArqEfO,水墨绘东川,寇子皓、蒋丽萍画展,博物/艺术展,产品推广,无行业,出版,博物/艺术展,无行业,,,,
ljh,zxw,295e5cf1-e9f7-4937-aff3-d4825102b594,1696,www.rabbitpre.com/m/RrARJrs,慕纱婚纱开业活动,诚挚邀请各位莅临,开业,产品推广,开业,婚庆,服装,婚庆,开业,产品推广,婚庆,服装
ljh,zxw,cae27e77-dc05-4298-b6de-609e4e7a223b,1697,www.rabbitpre.com/m/aaqaEJZRK,大风车启智幼儿园?毕业季, 摩登摄影,校园事务,产品推广,学校教育,摄影,产品推广,摄影,,,,
ljh,zz,6843c1ff-72f0-4110-a208-4ac720c4309b,201,www.rabbitpre.com/m/aqy72jFv1,淘宝屋8月15日至17日阿芙，西藏红花，钟大夫感恩有你同行！,淘宝屋化妆品您身边的护肤专家！地址： 上来桥菜市场田垟路1-3号  电话：13868435702,产品推广,产品推广,面部护理,护肤,,,,,,
ljh,zz,75011451-5d2f-4afe-92a2-4ff119744bc1,202,www.rabbitpre.com/m/a6Yv6QAA1,广东省医疗机构医用耗材交易办法研讨会邀请函,42571,行业论坛,产品推广,医疗,其他生活服务,,,,,,
ljh,zz,2d0855ed-8dcc-4993-8026-8d8823d81464,205,www.rabbitpre.com/m/UZfYB3V,2016，我们结婚吧！,用心来帮你实现你的梦想婚礼，创意婚礼秀、海外蜜月大奖，定制家具...2016年，你的婚礼将与众不同！,产品推广,产品推广,婚庆,酒店,婚庆,,,,,
ljh,zz,c79ad0ec-c8af-4f5c-b254-2ce2b69dab1c,206,www.rabbitpre.com/m/zqERb2R,金猴送福贺新春，田园碑廓再起航！,岚山区碑廓镇2016年新春祝福,节日祝福,政府事务,政府事务,政府综合服务,,,,,,
ljh,zz,bdd7aa62-389b-47a1-b6db-47040fdfbd23,208,www.rabbitpre.com/m/6JBVJrm,隆华池温泉商务休闲酒店,古典与现代的完美融合，是家庭聚会、团体活动、商务洽谈、高雅人士和减压人群休闲娱乐场所。,招聘,产品推广,酒店,酒店,,,,,,
ljh,zz,23a904e1-c43f-4654-a72a-f89dec746bcf,209,www.rabbitpre.com/m/Jv2Ariu,扣车咋返款？,扣车返款过程是什么？,事务性通知/科普,事务性通知/科普,无行业,实业平台,,,,,,
ljh,zz,02685634-8eeb-479f-845c-17de36d67953,210,www.rabbitpre.com/m/Reaq62VBj,手穴保健操,活动发布,事务性通知/科普,事务性通知/科普,无行业,医疗,,,,,,
ljh,zz,70917a44-eb68-4ae7-b902-e02baa58d15f,212,www.rabbitpre.com/m/ZfEJBuEvt,大手牵小手,大手牵小手关注燃气安全,公益,事务性通知/科普,无行业,能源,,,,,,
ljh,zz,f9e1dfce-87b0-4209-bdb2-05e219c3a549,214,www.rabbitpre.com/m/AYfUJfE3v,天象大健康一起来 玩~大~的~,天象网8月18日盛大开业，开业抢礼包，加入股东会员，分享亿积金,开业,产品推广,开业,保健品/OTC,保健品/OTC,,,,,
ljh,zz,44216f49-8b9f-4e6d-bb3a-e8e30d9ff170,215,www.rabbitpre.com/m/ui2immM,蝌蚪生态空间启动仪式邀请函,蝌蚪生态空间启动仪式邀请您来参加~~~,开业,产品推广,商业地产,商业地产,,,,,,
ljh,zz,8cf04d41-52e3-4389-84f8-a025df79f2f1,216,www.rabbitpre.com/m/Z7rmiaW,标准、规范、有序---------威海荣成二十五站,中国石化威海石油分公司荣成二十五站，是一座油品5000吨站，非油品百万元店。,团队展示/团建,产品推广,能源,能源,,,,,,
ljh,zz,58a52674-14d3-4e58-b970-e3fe98440fd6,217,www.rabbitpre.com/m/BYZReaa6a,我是第{{count}}位参加此次点击的用户,"道喜邀请函：冬季采暖+夏季空调+四季热水=一机解决,体验中心诚邀您的光临！",招商,产品推广,家电,材料,,,,,,
ljh,zz,7afb1f11-4cd3-41c9-b94b-21a2c3a9ce65,219,www.rabbitpre.com/m/eaybMAYJf,“两个加强、两个遏制”回头看,华泰人寿江苏分公司学习资料之合规测试题,事务性通知/科普,其他,保险,保险,,,,,,
ljh,zz,6da1de1e-c1d3-443a-93e9-5601306e0d5a,221,www.rabbitpre.com/m/faibUfiz8,2016安杰洛·洛福雷塞国际声乐比赛/大师班,2016安杰洛·洛福雷塞国际声乐比赛/大师班（意大利. 米兰）,产品推广,艺术竞赛,艺术竞赛,音乐,特长或素质培训,,,,,
ljh,zz,ef729d61-4952-41b5-a1b4-e251b42e00d1,225,www.rabbitpre.com/m/VzMZ32a,CCTV精彩视界12月11日首播《安全到达——李东流》,敬请收看CCTV发现之旅频道《精彩视界》12月11日（星期五）16:30—17:00播出的《安全到达——李东流》。,产品推广,产品推广,影视,机械制造,,,,,,
ljh,zz,7ded8435-78e7-434d-a1c9-c9e68c33d09e,229,www.rabbitpre.com/m/3MNnEvi,百度外卖企业招聘,招聘外卖人才，提供发展空间，成功全靠努力，配送美好未来！,招聘,招聘,实业平台,内容平台,,,,,,
ljh,zz,fbd8a99d-b2c3-4a51-a81e-9d74d85e926d,233,www.rabbitpre.com/m/ri7mNI3bu,柴湖佳乐美超市出大事了？？？？？？,你听说了吗？柴湖佳乐美购物广场出大事了 详情猛戳进入.........,产品推广,产品推广,零售渠道,购物中心,,,,,,
ljh,zz,178bbb67-f89a-40aa-aede-1a632f74fc7c,234,www.rabbitpre.com/m/U7nuUrf,好家居建材联盟,十大品牌五一大型活动—超级家装秀！！保价全年！,产品推广,产品推广,家具,家装建材,家装建材,,,,,
ljh,zz,5fb65c5c-33a4-4153-8baf-8358c9c2fa38,235,www.rabbitpre.com/m/Jvay7QQIM,索菲亚全屋定制《开门红》,索菲亚全屋定制《开门红》新年送礼了,产品推广,产品推广,家具,家装建材,,,,,,
ljh,zz,c7aab56d-734e-4a88-81bd-d1c30f12e2ca,242,www.rabbitpre.com/m/yNYfEJRIm,结婚邀请函晒幸福爱情,李耀霖 ·  郭银霞  新婚庆典邀请函,婚礼邀请,结婚邀请,无行业,,,,,,,
ljh,zz,0b907f13-8e4b-48cb-bfee-080fb66cc64c,243,www.rabbitpre.com/m/aeeuuiO,镇江飞驰2016亚洲生鲜配送展邀请函,镇江飞驰2016亚洲生鲜配送展邀请函,行业展会,行业展会,物流,生鲜水果,汽车,机械制造,,,,
ljh,zz,f8b90ac1-df97-4a49-b987-658c182eebcf,244,www.rabbitpre.com/m/rUf6eMQmF,我是第{{count}}位向仙姑献花，请仙姑赐福的人,,产品推广,心灵鸡汤,旅游,,,,,,,
ljh,zz,1ddcd92c-ddc2-4473-818c-6f2786322881,246,www.rabbitpre.com/m/MRJNzai,花串串人民路店7月16日盛大开业，敬请期待！,花串串人民路店7月16日盛大开业，敬请期待！,产品推广,开业,餐饮,餐饮,,,,,,
ljh,zz,06b472c5-150c-4806-b5e1-66119cf0241f,247,www.rabbitpre.com/m/FZJvMuaUG,WE MORE“造梦计划”,一款牛逼的金融理财资讯APP需要你的智慧！这季青春，让我们一起造梦！,招聘,产品推广,工具软件,理财,,,,,,
ljh,zz,c61e1217-8b32-4476-9f3c-c59879cfa450,248,www.rabbitpre.com/m/fEfqUZvEk,一首来自抗洪前线的诗,《今年，我18岁》是中部战区陆军某舟桥旅副旅长吴广在抗洪前线所作的一首诗。,心灵鸡汤,公益,无行业,,,,,,,
ljh,zz,c8757690-8b51-4d43-9900-bb259b862e9b,249,www.rabbitpre.com/m/R2r62V3bW,光华家具五一全城钜惠,光华家具 全城钜惠 撼动五一,产品推广,产品推广,家具,家装建材,,,,,,
ljh,zz,dad362d5-9dbb-4783-a63a-e7734556d7b0,251,www.rabbitpre.com/m/jUNb6vd,第五届中医药现代化国际科技大会 第十二分会 第三轮会议,第五届中医药现代化国际科技大会 第十二分会-中医眼科创新与发展、第二届眼科西部论坛 第三轮会议通知,行业论坛,行业论坛,医药用品,医疗,,,,,,
ljh,zz,1b0c986b-7c72-406b-b0fb-0169aa974e71,253,www.rabbitpre.com/m/FNJfaiB,全-国-征-集-令,百度，挖掘你身边的好门店！自己为自己代言！ ,招募,艺术竞赛,工具软件,内容平台,,,,,,
ljh,zz,97a7afa8-98ae-47bc-a2fa-6d00fa202f75,254,www.rabbitpre.com/m/qaiFZvMer,宜家 · 蚊虫防治方案解决商,宜家围绕家用卫生杀虫和家居香薰、空气净化两大品牌线，精心打造宜家驱蚊系列、杀蟑系列、防蛀系列、香薰系,产品推广,产品推广,常见生活日用(可考虑再细分),材料,,,,,,
ljh,zz,05eef5e2-9486-438e-8430-1a04346805b6,255,www.rabbitpre.com/m/rM2F37eaa,麦啦GPOS宣传片,麦啦GPOS 不仅仅是POS机,产品推广,产品推广,非生活消费品,工具软件,,,,,,
ljh,zz,ecad2d1a-f553-4632-bf7d-ba9e597487cb,256,www.rabbitpre.com/m/2NY3VRYRx,聚优福利产品介绍,聚优福利产品介绍,产品推广,产品推广,实业平台,非生活材料,,,,,,
ljh,zz,b0c0705c-efbc-402f-8412-867cd2a68085,257,www.rabbitpre.com/m/FJvMQei7G,张家港第一届绿色家装博览会震撼来袭！,让我们相约柏丽酒店。 10月23日，不见不散！,行业展会,产品推广,家装建材,家装建材,,,,,,
ljh,zz,f872f4c4-af7d-4495-9605-0a8a9267ed87,259,www.rabbitpre.com/m/zNAmFZZnB,聚焦电商招聘,专业模板打造，只为方便大家。,招聘,招聘,电商,工具软件,,,,,,
ljh,zz,ae66d36f-c983-4ec9-b73b-24a7261e42eb,260,www.rabbitpre.com/m/NNBJBzo,Lucky7Club年会启动,L7年会将于2016年1月17日于北京君德益艺术馆举行，欢迎各界赞助合作。 ,俱乐部活动,俱乐部,无行业,汽车服务,,,,,,
ljh,zz,8a5515e3-b17e-463f-b3da-bace57cdc75f,261,www.rabbitpre.com/m/zzryzzFnF,湖南世纪天睿传媒文化有限责任公司，寻找有才华、高颜值的你！,如果你，不违法，有想法； 如果你，可正经，可逗比； 如果你，不甘平凡，不安于现状……欢迎你加入!,招聘,招聘,媒体,广告,,,,,,
ljh,zz,363b2233-d7eb-477a-b030-13eaebd04070,262,www.rabbitpre.com/m/NZ7FbeG,南海网“新系博鳌”之一,博鳌亚洲论坛迎来“15岁生日”。今天的博鳌，将迎来一批“新面孔”,行业论坛,政府事务,无行业,,,,,,,
ljh,zz,68c5aed3-ae7e-4868-aa18-666b24735d26,263,www.rabbitpre.com/m/ZNju63g,她的节日，一起来陪“她”,每个女人都有一个梦。经年之后，依旧如花，仍美如画~,产品推广,产品推广,酒店,旅游,,,,,,
ljh,zz,66765bfc-0403-458e-ae3f-60fbebc972a6,265,www.rabbitpre.com/m/vaiVfMQeP,#缇丽莎尔精英团2016盛世年会#,#缇丽莎尔.精英团团长:谢露女士诚挚的邀请您参加2016年度盛会#,俱乐部活动,行业论坛,无行业,保健按摩,,,,,,
ljh,zz,89bfa55d-870f-4b62-851e-7f6b4f9d8df9,266,www.rabbitpre.com/m/Am7IB2N2G,2016年呼浩特市第二十一中学教职人员招募通知,呼浩特市第二十一中学教职人员招募，等待优秀的你加入，我们共成长，同进步。,招聘,招募,学校教育,,,,,,,
ljh,zz,e91d8555-cee6-45d0-9d5b-da8e3da7241b,267,www.rabbitpre.com/m/6mN2r6mN2,B区周年趴，150元优惠券随便送~,★即日起至6月19日★B区商城邀你一起High～,产品推广,产品推广,电商,贸易批发,,,,,,
ljh,zz,49373528-5449-4408-be96-626865417795,269,www.rabbitpre.com/m/ZVna2aO,让梦想照进现实，华安VR眼镜免费送！,华安期货开户送豪礼，免费VR眼镜等您来拿，小伙伴您还等什么，赶快行动吧！,产品推广,产品推广,理财,工具软件,,,,,,
ljh,zz,4e4c0d00-d844-4f29-89c3-0cf7ec05f576,270,www.rabbitpre.com/m/R2bqUfa60,柑柑好品牌济南推介会,柑柑好品牌济南推介会将于2016年10月11日在山东舜和国际大酒店隆重举办。,产品推广,行业展会,茶,茶,,,,,,
ljh,zz,e3f03def-6a82-4cfb-9c65-80e467803f6b,272,www.rabbitpre.com/m/bmaaMvM,会计证年检 报名,参加2015-2016年度会计继续教育（会计证年检）报名。,产品推广,产品推广,应试及考证培训,应试及考试培训,,,,,,
ljh,zz,230920cc-3276-4f9c-8343-bfebdcc5074d,278,www.rabbitpre.com/m/QYRYfUBYK,云南万兴隆集团——中秋团购手册,在中秋即将到来之际，云南万兴隆集团已备好丰富的节日礼品，等您来选！,产品推广,产品推广,粮油副食,贸易批发,,,,,,
ljh,zz,a71131a0-02d0-43ee-a15e-d188854b065b,280,www.rabbitpre.com/m/bY7zI3Z,建水百盛电器国庆送豪礼/疯抢家电,9月28日-10月9日建水百盛电器送豪礼，疯狂抢家电,产品推广,产品推广,家电,零售渠道,,,,,,
ljh,zz,b10cf86b-d90d-407c-a905-bc92ef21869b,283,www.rabbitpre.com/m/zEFNjmN,呼和浩特广播电视台新媒矩阵,新媒矩阵,产品推广,产品推广,媒体,广告,,,,,,
ljh,zz,868766a4-e6f7-4437-af35-d2ec4f541337,284,www.rabbitpre.com/m/veYVzyt,北京联合大学旅游学院2016年硕士研究生调剂,欢迎广大考生调剂到北京联合大学旅游学院攻读硕士学位！,产品推广,政府事务,学校教育,信息发布,,,,,,
ljh,zz,9908b24f-7d36-4932-93f6-71b0e27a3c1f,286,www.rabbitpre.com/m/3aIRJz2,阳东汇丰工贸有限公司,汇丰公司企业产品展示册。,产品推广,产品推广,常见生活日用(可考虑再细分),材料,,,,,,
ljh,zz,d4e44237-0925-4331-b755-13c2cdf64b7b,287,www.rabbitpre.com/m/qEfu6r0,戎威远保安公司祝您除夕快乐,戎威远保安公司祝您除夕快乐，除夕除夕，除去烦恼，除去霉运，迎接美好希望。,节日祝福,产品推广,安保,安保,,,,,,
ljh,zz,e40e6473-c9ed-41e3-b183-7721fb337518,288,www.rabbitpre.com/m/3F3VR2VZT,毕业季 一路有你,,日记相册,校园事务,无行业,,,,,,,
ljh,zz,0b682c5d-5196-49a4-8416-9bba6f1c0042,289,www.rabbitpre.com/m/njFnzrybA,惊人的高考内幕，从今天开始你也要做准备啦！,揭秘高考降分的秘密...,产品推广,产品推广,应试及考证培训,应试及考试培训,,,,,,
ljh,zz,6d5fac86-ed20-4857-af22-0bdcb4ba6b6c,290,www.rabbitpre.com/m/RFfMbqh,澳思美招聘,有你的加入 澳思美便更完美了！,招聘,招聘,美妆,护肤,医药用品,,,,,
ljh,zz,130509a7-125b-4175-bebd-256a013afc61,291,www.rabbitpre.com/m/zzb6mNuEr,圣乐培训营汇演特会,欢迎来到我们当中，一起来赞美我们的神,演出,个人其他,特长或素质培训,,,,,,,
ljh,zz,d0048e8c-9ced-41f4-8264-ba1b8c3e8e73,295,www.rabbitpre.com/m/fAre63d,热烈祝贺三志物流山东子公司济南至成都开通双流落货点,三志物流山东分公司，我们将竭诚为您服务！,产品推广,产品推广,物流,生鲜水果,汽车,物流,,,,
ljh,zz,515ac18c-95a4-4267-90c4-009333ff509d,297,www.rabbitpre.com/m/3Fnjrijbc,踏着春天的节拍，绽放自然的精彩！— —诚邀您共聚多彩规溪！,多彩规溪，邀您共游！ 云和县规溪踏春赏油菜花活动强力来袭，这个春天不一般！,产品推广,政府事务,旅游,,,,,,,
myy,tml,2258c2fa-a882-4668-94d0-31098e0cdab2,1001,http://www.rabbitpre.com/m/fE3jV3bMP,MIKAEL D 亚洲首秀,2016/05/13  北京 中国民族贸易促进会,产品推广,行业展会,服装,服装相关,,,,,,
myy,tml,9eb1ee8a-50a8-498a-9c11-fd73543f03cf,1004,http://www.rabbitpre.com/m/iAZvieO,七彩世界,小星星暑期托管班招生啦~,产品推广,校园事务,特长或素质培训,特长或素质培训,,,,,,
myy,tml,06d84791-36d1-485d-a8c4-51f6dd0c9ccc,1005,http://www.rabbitpre.com/m/vaAvqig,过几天温岭的人都可以过上这样的生活！！,,开业,产品推广,家具,其它3C产品,,,,,,
myy,tml,dd710ed1-46e9-4634-9629-3ac75dcc670b,1007,http://www.rabbitpre.com/m/bUZJ3z7AV,“大师面对面”公益冬令营招募计划-K12全素质教育[报名],让孩子与大师面对面，发现天才，成就天才，就从这里开始！给孩子成为未来大师的机会！,招募,产品推广,特长或素质培训,特长或素质培训,,,,,,
myy,tml,20fbd32e-ff2b-40b2-b11c-87d4c46b723a,1008,http://www.rabbitpre.com/m/MFj67nm,宠物也有医保了,“宠e宝”是由国内最大宠物安全服务平台看到网携手中国平安共同推出的宠物综合服务项目,产品推广,产品推广,保险,家政物业,,,,,,
myy,tml,a6fd8e62-53e3-4046-8698-93617d327e97,1009,http://www.rabbitpre.com/m/jVB2FnVvQ,兴业华福一家亲，行员答谢计划，等您来参加！,兴业华福一家亲，行员答谢计划，等您来参加！华福证券太原营业部主办！神秘大礼等着您！,产品推广,产品推广,工具软件,证券,,,,,,
myy,tml,bbe7eb39-fa9e-4181-b36a-1d5e734b5986,1010,http://www.rabbitpre.com/m/byIfAbg,鑫福艺术文化中心开业了！,宝贝们快来分享链接积赞换礼品吧！赶快加入我们吧！,封禁,产品推广,无行业,特长或素质培训,,,,,,
myy,tml,500c5b3f-2a32-45b7-acba-6c5b5878208b,1012,http://www.rabbitpre.com/m/J73Ajqn,天津大学第20届仪器设备展示会,诚挚邀请广大教职员工及同学参加！,行业展会,校园事务,科研,学校教育,,,,,,
myy,tml,8b9b849d-39bf-4d6e-aacd-181dd8801d3e,1013,http://www.rabbitpre.com/m/AvARZvE,也许我该重新定义清明节！,也许多年后，我的孙女，也会指着我的照片，说着我的故事….  ,心灵鸡汤,心灵鸡汤,咨询,无行业,,,,,,
myy,tml,ab9d82d7-2fc6-4e08-9dee-9d17b069bea9,1015,http://www.rabbitpre.com/m/QInj7YBIV,朝阳学校暑期托管火热报名中,朝阳学校暑期托管火热报名中个……,产品推广,校园事务,特长或素质培训,特长或素质培训,,,,,,
myy,tml,17f9fc18-444f-4153-9823-816fa975cc84,1017,http://www.rabbitpre.com/m/NAmzbqqiz,兴盛哈贝智趣园盛夏招生正式启幕！,兴盛哈贝智趣园盛夏招生正式启幕！,产品推广,校园事务,学校教育,特长或素质培训,,,,,,
myy,tml,686cfdf1-97cb-4c34-b0d2-bae15420f18f,1018,http://www.rabbitpre.com/m/bizzV3Fng,闹市街众筹合同客户签约指引,杭州通帮信息科技有限公司——“闹市街”商城店铺经营使用权首期众筹协议。,产品推广,事务性通知/科普,电商,电商,,,,,,
myy,tml,c003fadb-e28c-4532-9e57-52fbc7aad0fe,1021,http://www.rabbitpre.com/m/fEvEzma,一起来，创未来！,2016实体+互联网+金融财富盛宴,招商,行业论坛,电商,互联网金融,,,,,,
myy,tml,7a2118bf-d226-4a8a-9ec3-194883a981f1,1024,http://www.rabbitpre.com/m/MI3r6eUJu,【段氏广东分会梅田村年度大型活动】,【宗亲请在倒数第二页留言墙留言】,朋友聚会,朋友聚会,无行业,其它社会服务,,,,,,
myy,tml,2e148ef5-b934-47ae-92a7-2514a0f80d87,1025,http://www.rabbitpre.com/m/3VnbUZ3r0,蚌埠豪门娱乐会所,,产品推广,产品推广,休闲娱乐场所,其它休闲娱乐场所,,,,,,
myy,tml,42b5a02d-0bb3-4277-a821-b3c5cd4e4e72,1027,http://www.rabbitpre.com/m/RnIRZfQ,和顺育优幼儿园秋季火热报名中！,开始报名啦~优惠有限，预报从速！招生热线：13302682048（陈园长） 0660-3360048,产品推广,校园事务,学校教育,学校教育,,,,,,
myy,tml,cdfbcec3-acc6-48fe-881e-192c6513f538,1028,http://www.rabbitpre.com/m/27IfUJvi8,山东汇信灯光音响有限公司,招聘前台、工程方案设计师、工程方案设计助理、工程技术安装员、店面仓管，应往届毕业生均可。,招聘,招聘,家电,非生活消费品,,,,,,
myy,tml,a74c7a13-467d-4650-8d51-e93b1af96c0f,1031,http://www.rabbitpre.com/m/VnrMmFZJP,全城聚焦6月26日韩城尚品宅配开业盛典,全城聚焦6月26日韩城尚品宅配开业盛典,开业,开业,家具,住宅,,,,,,
myy,tml,752a3f12-1f8e-4cbe-9f9a-25fe6ebd690a,1033,http://www.rabbitpre.com/m/ayuuQzT,吴忠邮政给您拜年了！,值此新春佳节来临之际，吴忠邮政全体员工祝您及家人猴年大吉，万事如意！,产品推广,节日祝福,通信,无行业,,,,,,
myy,tml,d5140d03-66e5-4b88-9602-d818edf07e5a,1035,http://www.rabbitpre.com/m/Jnjj7uaUM,沃莱菲  祝您圣诞快乐！,浙江沃莱菲装饰材料有限公司祝您圣诞节快乐！ 愿您未来的日子平安快乐到永远!,产品推广,节日祝福,家装建材,家装建材,,,,,,
myy,tml,56cdb948-1212-4ea1-b67d-44aba6b12738,1037,http://www.rabbitpre.com/m/au67nuJ,Last  one 毕业设计专场音乐会,,其他宴请,校园事务,无行业,学校教育,,,,,,
myy,tml,325f9c1a-1235-4566-955a-5d5e8d20be68,1044,http://www.rabbitpre.com/m/V7N7F3a,3月26日我们一起去泸溪助学吧,为了帮助吉首市泸溪镇这六位贫困山区学生完成学业，驴友仁善爱心社发出倡议：社会各界爱心人士伸出援助之手,公益,公益,无行业,其它社会服务,,,,,,
myy,tml,29d03b62-90f3-47b1-8893-9c389e051f48,1045,http://www.rabbitpre.com/m/ayb6mNeag,身价测试,,封禁,心灵鸡汤,无行业,无行业,,,,,,
myy,tml,1529a604-bff9-431d-b83e-ef12257ea312,1047,http://www.rabbitpre.com/m/biNmbURA3,9月9日国之哀日，我是第{{count}}位给毛主席鲜花的人,,个人其它,节日祝福,无行业,无行业,,,,,,
myy,tml,0b359297-2e9f-44a0-8ac7-d8dd70630bb1,1049,http://www.rabbitpre.com/m/3e2mEb5,一曲《窗外》送给我牵挂的人！,,封禁,心灵鸡汤,无行业,无行业,,,,,,
myy,tml,eebad306-6b0e-4dd4-9643-73e868c6c69d,1050,http://www.rabbitpre.com/m/YvEnrM2zx,中融新大集团招聘人才,期待您的加入！,招聘,招聘,能源,材料,,,,,,
myy,tml,8233c790-f23a-4384-aa0e-2b9e0997ac74,1052,http://www.rabbitpre.com/m/UBYJvMua1,肩颈舒缓组合免费送,关注健康 保证品质 给您不一样的用户体验,产品推广,产品推广,电商,保健按摩,,,,,,
myy,tml,6e6578a6-3653-44e4-9d7a-7b484a372128,1053,http://www.rabbitpre.com/m/QbQ3Ez8,平安驾校特惠招生！,学车没必要到处找熟人介绍教练，去了也是一视同仁。你该关心的应该是。。。,产品推广,产品推广,特长或素质培训,应试及考证培训,,,,,,
myy,tml,8fe66be1-62cd-4c95-a63b-401b7116681f,1055,http://www.rabbitpre.com/m/fyuammt,重百永川商场/超市/电器三业态同庆【感恩同行 华彩15载】,时光流逝，岁月更迭。15年来感谢有您同行。9月8-11日永川重百期待与您相约华彩15载！,产品推广,年会/庆典,零售渠道,购物中心,,,,,,
myy,tml,8b191bf3-1b71-49d3-9586-b8c11f4b4137,1056,http://www.rabbitpre.com/m/FJnFfEvUF,我是第{{count}}位知道这个秘密的人，你知道了吗？,你知道吗？想知道一个秘密很难，但是点击本活动了解流程却很容易,产品推广,行业展会,零售渠道,家装建材,,,,,,
myy,tml,9b674496-f737-4355-805e-49668684eb25,1059,http://www.rabbitpre.com/m/Ef6ZV3D,"1月22-24天津苏宁&苏泊尔""年货抢先购  把爱带回家”",错过了元旦？那就快来苏宁吧，比元旦更优惠！！！,产品推广,产品推广,家电,零售渠道,,,,,,
myy,tml,3605a027-8406-4de1-95af-280b49a3b049,1061,http://www.rabbitpre.com/m/FvQBZrZ,#金太阳2017春夏新品设计营商周#1路相伴，历9弥新,16年的相伴，变化的是时空，不变的在心中。金太阳领创的脚步从未停息，与你坚定心中所向，伴你一路同行。,产品推广,行业展会,家纺,家纺,,,,,,
myy,tml,694dea5e-611b-46b6-9952-e619272ea51a,1065,http://www.rabbitpre.com/m/BQ2NYnzrS,麻团欢乐内购会,,产品推广,产品推广,零售渠道,无行业,,,,,,
myy,tml,87550e6b-cdb4-4aaa-9428-6370574c80ee,1066,http://www.rabbitpre.com/m/zmqURzG,畅想学校399元玩转初中暑假,,产品推广,校园事务,应试及考证培训,特长或素质培训,,,,,,
myy,tml,6587d662-aaaf-4241-b45d-86696c1d21f8,1067,http://www.rabbitpre.com/m/JNvAJbR,正信光电诚邀英才,时间流逝我们无法阻止，当机会来敲门时…你还在等什么？ ,招聘,招聘,能源,材料,,,,,,
myy,tml,6b8d09bc-e2ce-4d91-8382-88b22f120e06,1068,http://www.rabbitpre.com/m/jAnMVvi,2016，腾飞的大中！骄傲的大中！,,产品推广,校园事务,学校教育,学校教育,,,,,,
myy,tml,cad56280-1d29-4ac2-aff9-ed15c6275234,1070,http://www.rabbitpre.com/m/nUNveyu,《艺友画会30周年回顾展》邀请函,85‘美术新潮—武汉的第一声呐喊,博物/艺术展,行业展会,艺术品古董,艺术品古董,,,,,,
myy,tml,6d65551b-8dec-40fe-8b4f-8d09f32010b9,1071,http://www.rabbitpre.com/m/zbqM2zNeM,荆门广播电视台邀请函,荆门广播电视台诚挚邀请您的莅临!扫描二微码观注荆门广播电视台官方微信...,其它见面会,行业论坛,影视,媒体,,,,,,
myy,tml,44195c18-1a18-411a-9fd9-ba5984133839,1072,http://www.rabbitpre.com/m/Q2jFReqM3,武汉建银华盛投资集团有限公司2016年招、投标公告,为了适应集团发展的需求，提供更优质的产品和服务于我们的客户，提升客户满意度。,招商,招商,汽车服务,金融财会,,,,,,
myy,tml,f9b846eb-18d9-4c26-bbaa-317b4fe74321,1074,http://www.rabbitpre.com/m/vEFFB36,『心感恩 梦起舞』佳莱2015年欢庆嘉年华,佳莱与您相约 2016年1月15~17日 广东·珠海,年会/庆典,年会/庆典,商业地产,度假,能源,电商,服装相关,,,
myy,tml,7f053172-282a-4c63-810d-d38eff1d567a,1078,http://www.rabbitpre.com/m/YB32eyi,中国电建集团贵州工程公司恭贺新禧！,兔展祝您新年快乐,产品推广,节日祝福,能源,基建,,,,,,
myy,tml,1d458f22-cadc-4a68-b1b9-73f716a48bab,1080,http://www.rabbitpre.com/m/MJ3MJrV,如此 美容医师又聚会 2016,医学美容从业者的低端交流聚会 如此低调 11月6日北京丰联会议中心,产品推广,行业论坛,美容整形,美容整形,,,,,,
myy,tml,21375916-f444-4b30-a1ef-d58ce3ad2c92,1081,http://www.rabbitpre.com/m/JJJRJzl,EDS会员商城基础操作手册,包括EDS会员商城微信绑定、EDS会员商城消费者注册及购买、EDS会员商城E·淘实体店下载注册。,事务性通知/科普,产品推广,电商,电商,,,,,,
myy,tml,9dc7f069-3a99-4f53-afe1-18ffd0064d4e,1082,http://www.rabbitpre.com/m/eMmbiVBYI,2016新款凉垫,宁夏牧羊人车饰品有限公司2016年新款凉垫。,产品推广,产品推广,家纺,汽车配饰,,,,,,
myy,tml,32f2b011-66e4-49c3-a7ea-3f21870e9f36,1083,http://www.rabbitpre.com/m/iAV3aqI,我爱你这件事，其实很简单~,10张插画看完整段恋情，请温柔打开，深情阅读~,产品推广,心灵鸡汤,护肤,无行业,,,,,,
myy,tml,8963b7b4-dbb8-4029-935e-6b1ef889b209,1086,http://www.rabbitpre.com/m/NNzmQ3P,邀请函—中国超级模特大赛辽宁赛区,2016第十一届中国超级模特大赛辽宁赛区（2016年3月7日）邀请函,艺术竞赛,竞赛,学校教育,其它社会服务,,,,,,
myy,tml,55e374cb-f24e-407e-b0d5-0f1d6de5352b,1088,http://www.rabbitpre.com/m/niA7NjQ,不可不去的湘西原味古镇,深藏在湘西大山中的原味古镇——洗车河镇。,产品推广,产品推广,旅游,政府综合服务,,,,,,
myy,tml,ed305b8f-d701-485a-9779-770793bf5bdc,1089,http://www.rabbitpre.com/m/mQJRvqI,二〇一六·关于一场盛会的回忆录,喜迎国庆乐万家，心系安全筑幸福--2016年广东建华安全生产文艺晚会,年会/庆典,年会/庆典,家装建材,建筑业,,,,,,
myy,tml,9e7d1b65-d9dd-4bb0-b7f8-416d74ca7916,1090,http://www.rabbitpre.com/m/FbYvu2h,《魔宫魅影》私人包场请你看！不虐不要钱！虐哭吓坏都算我的！,《魔宫魅影》免费观影活动，报完即止！私人活动，仅限亲友！《京城81号》原班人马再次组团献礼（吓人）！,产品推广,朋友聚会,影视,无行业,,,,,,
myy,tml,25fc1a1c-8354-4b58-b727-c1b9fb03843a,1093,http://www.rabbitpre.com/m/BRzMnya,优女郎邀您参加中国济南微商博览会,第三届中国微商博览会邀请函,招商,行业展会,电商,电商,,,,,,
myy,tml,21985d7f-3273-45b7-9eed-e89d6306c486,1094,http://www.rabbitpre.com/m/EReqMAm7d,兰威年华生命密码邀请函,2016年07月09日中国上海，上海兰威生物科技有限公司《兰威年华·生命密码》盛会即将召开,产品推广,行业展会,美容整形,个人护理,,,,,,
myy,tml,821919b3-3a70-423e-88da-179ebca2dcea,1095,http://www.rabbitpre.com/m/n2Yfaqv,兜售生活态度,Ashley Homestore,产品推广,产品推广,家具,家居软饰,,,,,,
myy,tml,6ea38556-f499-45f7-ab5d-a97a47b57a3a,1096,http://www.rabbitpre.com/m/zYveM3y,春季养生健骨 · 试试三七药酒,,产品推广,产品推广,医药用品,保健品/OTC,,,,,,
myy,tml,23da5184-72c0-4c88-809d-0647f421bc43,1097,http://www.rabbitpre.com/m/2baibybUt,河北省黄骅市【海鸥音响商行】万利达音响送壕礼物,活动地区：河北省黄骅市【海鸥音响商行】,产品推广,产品推广,家电,3C产品相关配件,,,,,,
myy,tml,f4f9ddbf-ceb2-4813-897b-24e4cec5af6b,1098,http://www.rabbitpre.com/m/m6fIzaa,好吃到不行的烧烤海鲜，绝对赞！,老黑大排档盛装开业，活动期间全场8折，含酒水【更有秘制小龙虾，等你哦】,开业,产品推广,餐饮,餐饮,,,,,,
myy,tml,74639548-0652-4714-903c-64e53aa14028,1100,http://www.rabbitpre.com/m/U36ni2G,凯盛集团ＳＮＥＣ邀请函,凯盛集团ＳＮＥＣ邀请函,产品推广,行业展会,能源,材料,,,,,,
myy,zxw,8d9f76eb-d810-4677-bfde-30a4973ba227,1202,http://www.rabbitpre.com/m/EJ3VZZvaN,我是第{{count}}位参加此次点击的用户,现代生态循环农业标准操作流程整体解决方案提供商。,产品推广,产品推广,农业,广告,产品推广,农业,,,,
myy,zxw,e2b942f1-0c6e-418d-9383-731a44c12895,1203,http://www.rabbitpre.com/m/YRuMm7eUp,腾讯 小小Q陪伴你过圣诞,Merry Christmas 你还在等什么？整个冬天有我（Qrobot）陪伴你。,产品推广,产品推广,其它3C产品,工具软件,产品推广,其它3C产品,,,,
myy,zxw,ac809a36-0f04-4c98-bde2-f4dbcf115cdf,1204,http://www.rabbitpre.com/m/6eUfaM2zd,全域旅游慢生活圈,话山画水慢生活圈是一种真正的生活方式，是您乡下的家。扫码关注，让我们一起回家,产品推广,产品推广,旅游,实业平台,产品推广,实业平台,,,,
myy,zxw,c4e32dc8-cb77-40c1-be92-bdb59cf7f35c,1207,http://www.rabbitpre.com/m/ey7m7AIf0,五星礼仪讲师--做“礼”的传播者,如果你想要成为一名礼仪讲师，就得下决心像讲师一样去思考、感受及行动，最后你就会成为一名真正的礼仪讲师,产品推广,产品推广,商业经验技能培训,特长或素质培训,产品推广,商业经验技能培训,,,,
myy,zxw,ca6bb744-2416-4003-9191-461c45bd7533,1208,http://www.rabbitpre.com/m/aMfeiad,? 寻新疆最美的雪中胡杨，美！美！美！,,事务性通知/科普,心灵鸡汤,无行业,无行业,事务性通知/科普,无行业,,,,
myy,zxw,20d0f032-819e-41a7-b664-ffd1756fc8ad,1209,http://www.rabbitpre.com/m/JJnqI3L,金证股份2017校园招聘,金证股份2016校园招聘！金空浩瀚，风华证茂，互联金融等你来！,招聘,招聘,互联网金融,工具软件,招聘,互联网金融,,,,
myy,zxw,40cbe2bd-0ce4-4f5e-848f-fa116e5f18c3,1210,http://www.rabbitpre.com/m/BjYRjyH,10.12福建,,产品推广,产品推广,零售渠道,购物中心,产品推广,零售渠道,,,,
myy,zxw,daca5ecd-7d03-4956-b370-3a4e7d4f90f1,1212,http://www.rabbitpre.com/m/riz7mFReD,舌尖上的美食——超凡（沈阳北行）美食班儿,美食班儿定于12月12-13日，提供家常菜、面食、甜点、无烟油炸类食品、披萨、西点等美食体验教学体验培训，欢迎各位热爱美食的大家们前来体验。,产品推广,产品推广,特长或素质培训,商业经验技能培训,产品推广,特长或素质培训,,,,
myy,zxw,e9f9c0f0-dfbf-4850-bca7-380fbe9fa9e5,1213,http://www.rabbitpre.com/m/rERYfMQAT,招聘-福建土楼自然博物馆,等你来挑战,招聘,招聘,文娱,政府综合服务,招聘,其它社会服务,？,,,
myy,zxw,e09731ec-0873-4f6f-9a1f-137a4d31e247,1214,http://www.rabbitpre.com/m/ANbqii6,百万红包送送送！,"天子温泉贺新年，百万红包大派送，十二项主题活动""乐""动""泉""城，无需购票，邀您免费参加",产品推广,节日祝福,度假,度假,产品推广,度假,,,,
myy,zxw,0cee8c60-2428-474c-b258-594c1b3ae106,1215,http://www.rabbitpre.com/m/BV3UBrC,天青色等雨，而我在等你  大陈乡村旅游创客联盟招募队员,永康人的“丽江小镇”正在筹备中，现公开招募有思想，有创意的店主加入我们！,招募,招商,旅游,度假,招商,度假,,,,
myy,zxw,bc39ee8e-f462-4487-9abe-5d743c5f3f39,1217,http://www.rabbitpre.com/m/Y3Mniex,牛山一小社团共建轮滑组志愿者招募,欢迎会轮滑的同学报名,招募,招募,学校教育,运动健身,校园事务,学校教育,,,,
myy,zxw,b7583b3b-f9e0-4e46-acc8-7e66f498809b,1219,http://www.rabbitpre.com/m/ay72V3b6y,台湾三佳第6期抛光与镀晶培训开始招生啦~！,,产品推广,校园事务,商业经验技能培训,商业经验技能培训,产品推广,商业经验技能培训,,,,
myy,zxw,4138d431-2903-4078-9b27-fd45ea36c185,1221,http://www.rabbitpre.com/m/NQAmV3FRd,红馆六周年庆！ 双店同庆！双重惊喜！！,红馆六周年啦~ 感谢一路上有大家的陪伴。特此在周年之际举行购物返现，购物赠好礼的活动！欢迎大家光临！,产品推广,年会/庆典,零售渠道,购物中心,产品推广,零售渠道,,,,
myy,zxw,e2e3f08b-8d92-4d5c-8708-789de54bc5eb,1222,http://www.rabbitpre.com/m/FbYnyiv,别让“教门”伤到教门人,,个人其它,心灵鸡汤,无行业,无行业,心灵鸡汤,无行业,,,,
myy,zxw,85a47461-1eeb-47bc-a8e3-c35f7a52b7b1,1223,http://www.rabbitpre.com/m/n6ZBNjh,我是第{{count}}位查询童心余额的宝宝，你也来查查吧~,我的童心还在，你的呢~,产品推广,心灵鸡汤,工具软件,无行业,产品推广,实业平台,,,,
myy,zxw,ba18c2af-42ba-45dd-9f77-10feae502126,1224,http://www.rabbitpre.com/m/Bfuimml,竹溪·云窝众筹项目策划书,消费变投资，众筹赢天下！,招聘,招商,酒店,住宅,招聘,酒店,,,,
myy,zxw,44627354-2d4b-4142-98e5-2b9d5a451f6c,1225,http://www.rabbitpre.com/m/MreQjed,自由90创业谷开放招商啦,杭州自由90创业谷开放招商。创业洞天福地就在这里，最后黄金2000㎡。,招商,招商,商业地产,地产中介,招商,商业地产,,,,
myy,zxw,eee4f62c-63fb-4321-8a04-dc4d34024a9b,1227,http://www.rabbitpre.com/m/jjzrEvM2B,2016年新谭小学89届同学会照片集锦（完整版）,27年相聚（2016年09月10-11日）,校友会,朋友聚会,无行业,无行业,校友会,无行业,,,,
myy,zxw,f783d9a4-a5d9-4cbd-a996-a37e57b0f196,1229,http://www.rabbitpre.com/m/faq6IZvUz,超级聚划算鼎一联盟大牌钜献,超级聚划算鼎一联盟大牌钜献，快来抢购吧！！,产品推广,产品推广,家装建材,电商,产品推广,家装建材,,,,
myy,zxw,5548b485-a944-410d-b986-b1bc02a067e4,1230,http://www.rabbitpre.com/m/UvAbMfg,国家级继续教育项目：呼吸相关伤口护理会议通知,主题：开拓 创新 专业 发展 时间：2016年8月12日-14日 地点：内蒙古医科大学附属医院,讲座,事务性通知/科普,医疗,特长或素质培训,讲座,医疗,,,,
myy,zxw,fb6df178-1de6-46d3-89d4-48db804906b3,1231,http://www.rabbitpre.com/m/IB2N2rURw,高端品鉴会,行业新品邀您品鉴,行业展会,行业展会,家装建材,家具,家装建材,行业展会,家装建材,家具,,
myy,zxw,5b09b812-c48c-47db-abc1-6b708b2ece42,1232,http://www.rabbitpre.com/m/AmVv6IvqJ,武清喆·啡酒店开业,武清喆·啡酒店即将开业，诚邀各位参加开业盛典。,开业,开业,餐饮,酒店,开业,餐饮,,,,
myy,zxw,4cb5c719-4182-4aa8-8807-af23dccf22e4,1233,http://www.rabbitpre.com/m/RAmVfqER0,康师傅饮品促销系列, ,封禁,产品推广,无行业,餐饮,封禁,餐饮,,,,
myy,zxw,79f9b24d-e11d-47bc-8f95-5fc3dcd6597b,1236,http://www.rabbitpre.com/m/JJrYvaG,海鼎公司招募小伙伴啦！,如果您对未来充满梦想，对成功充满渴望，那么请让我们携手同行，真诚合作，实现梦想，共创未来！,招聘,招聘,零售渠道,工具软件,招聘,工具软件,,,,
myy,zxw,97920ec6-7228-4f4c-8d6d-7cadda1d644a,1237,http://www.rabbitpre.com/m/FnzV3jFBR,“漫话琼山”系列之一：”琼山区“四个战略定位”,,政府事务,产品推广,政府综合服务,政府综合服务,政府事务,政府综合服务,,,,
myy,zxw,e267b774-2623-419d-a4cd-8b28f2b5dd74,1238,http://www.rabbitpre.com/m/R2zFRYnVc,第二届店铺营销高峰论坛,打破行业瓶颈  实现转型蜕变,行业论坛,行业论坛,广告,保健品/OTC；非生活消费品；医药用品,行业论坛,广告,,,,
myy,zxw,f5c2e5df-1c9a-4df9-a7b7-c053b95ddb4e,1240,http://www.rabbitpre.com/m/vq6AYf6Ae,华美新天地国际影城开业在即，诚聘小伙伴入伙一起嗨,耀世巨献新天地，景声无敌大影城。 华美新天地国际影城热诚招贤纳士！ ,招聘,招聘,电影院,影视,招聘,电影院,,,,
myy,zxw,fffd150a-2014-4c6e-a810-2ec802063424,1241,http://www.rabbitpre.com/m/QV7fMbq,"【邀请函】陕西有""一点""不同",暨一点资讯区域市场战略发布会,公司会议,产品推广,内容平台,内容平台,产品推广,内容平台,,,,
myy,zxw,e19aef7e-9c6e-4d7a-a56d-22c7acb62e5c,1247,http://www.rabbitpre.com/m/ruIVVrN,2016中国办公设备行业年会佳能邀请函,,年会/庆典,年会/庆典,照相机,摄影,年会/庆典,照相机,,,,
myy,zxw,223e3125-43b6-423b-9600-c81a7cfa36ea,1250,http://www.rabbitpre.com/m/IvEzaa2,腾冲汇智科技新年大酬宾,腾冲汇智科技！新年大酬宾，进店有好礼。,产品推广,产品推广,电脑,其它3C产品,产品推广,电脑,,,,
myy,zxw,0582d062-cac2-4c96-8c72-20c60dcf62cd,1251,http://www.rabbitpre.com/m/YzeAfyN,享·城市质感丨6月2日 相约北京聆听梁景华的梦时代,我有强大的名师阵容、丰厚的奖金、还有意大利游学之旅，你准备好设计了吗？,艺术竞赛,文化竞赛,设计,商业地产,艺术竞赛,设计,,,,
myy,zxw,4269d378-fbf5-49ab-8817-3cca3b054b85,1252,http://www.rabbitpre.com/m/reMVF3x,《嚣夜》免费送汽车夜光停车牌啦！一人只要49元，随你吃到饱！,集满18个赞，快来帮我赞一下！喜力啤酒更是买六送一哦！,产品推广,产品推广,餐饮,酒,产品推广,餐饮,,,,
myy,zxw,068bea90-6e54-477f-96c7-be9be6d18358,1253,http://www.rabbitpre.com/m/njzNuMInX, 纪念顾伯华先生百年诞辰系列活动,纪念顾伯华先生百年诞辰系列活动,行业论坛,演出,医疗,医疗,行业论坛,医疗,,,,
myy,zxw,1a77ddba-321d-41b4-97b8-d38a815a9d30,1256,http://www.rabbitpre.com/m/V77FF3F,安徽佰瑞多公司的代工产品介绍,安徽佰瑞多公司的代工产品介绍！,产品推广,产品推广,休闲食品,餐饮,产品推广,休闲食品,,,,
myy,zxw,38203a86-467e-4ac4-9745-b82eaa8d08d5,1257,http://www.rabbitpre.com/m/YjUJjuK,象印水杯轻松免费带回家,连续转发此条H5到朋友圈5天，并累计获得99个赞，即可获得象印保温杯一个,产品推广,产品推广,特长或素质培训,应试及考证培训,产品推广,特长或素质培训,,,,
myy,zxw,51a3f75e-920a-4c04-82d2-d61117b5bce7,1259,http://www.rabbitpre.com/m/eeaumyo,财通证券招聘,公司固定收益部公开招聘全职岗位，我们诚挚欢迎各位优秀人才加入！,招聘,招聘,证券,其它金融服务（待分）,招聘,证券,,,,
myy,zxw,11f0c177-6cbf-49fd-8342-9a63d0c77ad9,1260,http://www.rabbitpre.com/m/3rMmNeEJQ,为真NGS新技术发布会,剑出为真，液有巅峰,产品推广,行业论坛,非生活消费品,医疗,行业论坛,医疗,,,,
myy,zxw,974cc595-e44d-418c-9301-da2761778af2,1261,http://www.rabbitpre.com/m/ni6Rf2r,圣诞祝福您,时间：2015年12月19日（周六晚19:00-21:00） 地点：晋江市万达广场3号门椭圆中庭 主,演出,演出,无行业,购物中心,演出,购物中心,,,,
myy,zxw,9f19c708-ba2d-46a8-9813-cf487d21df4d,1263,http://www.rabbitpre.com/m/Uf6uyFBId,瑶瑶冰淇淋新品已登场！！,新品已登场，你准备好了吗？？？,产品推广,产品推广,休闲食品,餐饮,产品推广,休闲食品,,,,
myy,zxw,db57e736-724d-4df2-851d-f8cd711f8deb,1264,http://www.rabbitpre.com/m/yqym2iX,万和证券深圳福田中心区营业部,用言语点亮希望，用行动付诸力量。,产品推广,产品推广,证券,其它金融服务（待分）,产品推广,证券,,,,
myy,zxw,6a5a6935-6a23-4a79-a075-d4e7a864accf,1266,http://www.rabbitpre.com/m/ZZ3NYZv6v,致敬心灵的港湾，父亲节快乐！,每个父亲，都有一颗疼惜家人的狮子心。父亲节，放下工作，陪伴才是最长情的告白！,节日祝福,心灵鸡汤,游戏,,节日祝福,心灵鸡汤,,,,
myy,zxw,63ebf397-523a-47c3-902c-7a05d0719ac6,1267,http://www.rabbitpre.com/m/eErENfV,一年一次 疯抢10天,河姆渡周年庆疯抢10天，行业盛宴不容错过。（活动时间：11月2日-11月11日）,产品推广,产品推广,电商,手机,产品推广,电商,,,,
myy,zxw,23e122a8-6eea-46e9-8422-e08393cba9a9,1268,http://www.rabbitpre.com/m/RIvybyVB8,敬业葆仁心 急救谱赞歌,,团队展示/团建,心灵鸡汤,医疗,无行业,无行业,无行业,,,,
myy,zxw,e2a59006-36a4-408c-9f73-6f44be547892,1269,http://www.rabbitpre.com/m/rMVNJjh,明远教育”迎新年职工趣味运动会“,为了进一步活跃明远教育教职工的文化生活，展示明远教育广大职工团结和谐、充满活力的精神面貌，弘扬体育精神，增进友谊一，明远教育集团定于12月20日在电大东门广场举办明远教育“迎新年职工趣味运动会“。,团队展示/团建,体育竞赛,应试及考证培训,学校教育,团队展示/团建,应试及考证培训,,,,
myy,zxw,5bfa8b72-7892-4097-bd58-e06bbf376049,1272,http://www.rabbitpre.com/m/myQvUbx,ivvi · 山西 · 诚邀你的加入！,ivvi · 山西 · 诚邀你的加入！,产品推广,招聘,手机,手机,招聘,手机,,,,
myy,zxw,697630b2-8c4c-415b-acf0-e0407ac7a2ff,1273,http://www.rabbitpre.com/m/3Fnzrqy7c,点拨“听单词”,单词到底Get多少？扫码听听你秒懂！,产品推广,产品推广,应试及考证培训,工具软件,产品推广,工具软件,,,,
myy,zxw,e546c23a-12f3-46d9-9fba-586414aa1ddb,1274,http://www.rabbitpre.com/m/Qna2Mz4,好消息！TCL内购会精彩继续！,活动火爆，应消费者要求，TCL内购会将延长一周,产品推广,产品推广,家电,购物中心,产品推广,家电,,,,
myy,zxw,7d7f75ee-fd69-4513-af10-0f03aba76145,1276,http://www.rabbitpre.com/m/36fQzij,【付费】帮帮团社群招募！,有江湖，就不孤独！,产品推广,招募,内容平台,内容平台,招募,内容平台,,,,
myy,zxw,ff0e9dab-1a72-4039-ba99-03b70d15bef8,1277,http://www.rabbitpre.com/m/6mzzzzbi7,必杀技1--教你玩转Excel,Excel大神来了---办公软件就这么简单！,产品推广,讲座,商业经验技能培训,工具软件,讲座,工具软件,,,,
myy,zxw,3c20968a-17a7-4e94-ac76-c7ad28890fa1,1278,http://www.rabbitpre.com/m/UJfMeqMIB,您是第{{count}}位参加此次点击的用户,  {我们的梦，中国的梦}           Our dream，Chinese dream??,艺术竞赛,文化竞赛,影视,媒体,艺术竞赛,媒体,,,,
myy,zxw,5c9cf57a-5923-4ff0-8fcb-2ddfd8dbd546,1279,http://www.rabbitpre.com/m/zNIJ3F3N0,北川美人树网咖盛大开业,北川美人树网咖盛大开业 酷炫到爆 快乐无限 免费体验开启中~美人树已接待{{count}}位顾客,开业,开业,网吧,网吧；其它休闲娱乐场所,开业,网吧；其它休闲娱乐场所,,,,
myy,zxw,11eff33c-79cf-45c0-ae03-ae009836add1,1281,http://www.rabbitpre.com/m/EfMQYZfE1,2016吴忠邮政“金猴纳福” 金融狂欢节,一万元一年收益：350元 一万元两年收益：790元,产品推广,产品推广,理财,邮政,产品推广,理财,,,,
myy,zxw,0caf3e6b-b5cc-466a-a144-26b28e7bee3c,1282,http://www.rabbitpre.com/m/6YfUvE374,「和秀姑苏」邀请函,2016.10.30苏州图迈国际家居开业大典-苏州图迈家居,产品推广,开业,家具,家居软饰,开业,家居软饰,,,,
myy,zxw,ad2765f5-89a6-4e0c-a1e0-f20a3a2ae6ff,1283,http://www.rabbitpre.com/m/jeeaqmT,我想有个家,柯演装饰 定制你的幸福家,产品推广,产品推广,家装建材,家居软饰,产品推广,家居软饰,,,,
myy,zxw,8089296e-cdc0-4a9d-a531-019655f5c893,1284,http://www.rabbitpre.com/m/neANru3,10月23日陆风汽车-超级购车团,厂家直销，现场抽奖豪礼大放送，全系车型价格有保证，还不出手？,产品推广,产品推广,汽车服务,汽车,产品推广,汽车,,,,
myy,zxw,c2b64071-3997-4d8e-9321-b86b990a6bea,1285,http://www.rabbitpre.com/m/6vU36rN,康佰嘉微信公开课pro版,,产品推广,讲座,运动健身,运动健身,讲座,运动健身,,,,
myy,zxw,515b54e6-e652-438b-9913-39e8de46dc92,1286,http://www.rabbitpre.com/m/2Nea62zFE,2016猴年许愿有礼,2016猴年许愿有礼 您敢许愿，即可抽奖！,团队展示/团建,产品推广,餐饮,餐饮,产品推广,餐饮,,,,
myy,zxw,5e07f98b-d7b1-4f51-9725-f79eccdc33e8,1288,http://www.rabbitpre.com/m/bqij7uUZq,"520,送给你的不二情书",,节日祝福,心灵鸡汤,咨询,无行业,节日祝福,无行业,,,,
myy,zxw,6c49043d-5c0e-4544-a70d-07fc181def33,1289,http://www.rabbitpre.com/m/YVNruye,津乐园星级店面招聘啦！！！,男神女神快到碗里来~~~,招聘,招聘,餐饮,休闲食品,招聘,餐饮,,,,
myy,zxw,db50fa5f-cfb1-4a81-830b-0080eee86e58,1292,http://www.rabbitpre.com/m/MAey7Y3rA,奥斯芬纯欧系贵族SPA?明星饭局,奥斯芬纯欧系贵族SPA?明星饭局,产品推广,产品推广,美妆,其它休闲娱乐场所,产品推广,其它休闲娱乐场所,,,,
myy,zxw,e93f2b8a-51f7-4ace-86e4-c1f504045e6c,1296,http://www.rabbitpre.com/m/UNjMBvT,4月10日大盛归来，建材家居家电工厂团购惠与您相约国宴伊品,海石湾准备装房子的业主福利来了，家居品牌一站购，价格工厂直供，买贵差价十倍返还，您不可错过的家装盛宴,产品推广,产品推广,家具,家电,家居软饰,家居软饰,产品推广,家具,家电,家居软饰
myy,zxw,31db5b24-eabf-43d4-856e-fbafb5ecaed0,1299,http://www.rabbitpre.com/m/AzYNRju,湖南联通物联网峰会邀请函,衷心感谢您多年来对湖南联通的关心支持和帮助。我们诚挚地邀请您出席2016年湖南物联网峰会。,行业论坛,行业论坛,实业平台,通信,行业论坛,通信,,,,
myy,zxw,793cfa03-8d31-46d2-8ca9-3896fad5698d,1300,http://www.rabbitpre.com/m/U3iauqe,老妈厨房,,产品推广,开业,餐饮,餐饮,产品推广,餐饮,,,,
myy,zz,ec0f58ac-6eff-4f8f-8d75-dbfeabbcfddf,5,http://www.rabbitpre.com/m/FjY3mmO,e修鸽城市合伙人虚位以待,比开超市投入更少，更简单，更赚钱的项目,招聘,招商,家装建材,家装建材,,,,,,
myy,zz,6d18b794-ec2e-49b8-adb0-c7f3bb0d903e,8,http://www.rabbitpre.com/m/U3zF3Fv6K,云里智能园,云里智能园,产品推广,招商,商业地产,商业地产,,,,,,
myy,zz,27ce77a4-e467-4990-8ed0-f4e84dc7045f,10,http://www.rabbitpre.com/m/mVBuEJZvg,启航班掠影,启航班掠影,团队展示/团建,产品推广,建筑业,建筑业,,,,,,
myy,zz,d6996f4e-b42a-40b2-9b9a-1b73f85d288f,11,http://www.rabbitpre.com/m/VfijVRu6v,10张图告诉你加入大都游艇会的理由！,大都海上运动，一起玩转海洋！,产品推广,产品推广,运动健身,度假,,,,,,
myy,zz,7a68cf41-e0f5-45a2-b56f-c799bb632970,13,http://www.rabbitpre.com/m/RQAAIfMY1,【高薪诚聘优秀博后】,国家“杰青”“千人”、浙大求是特聘教授欧阳宏伟课题组招聘优秀博士后，待遇从优，期待你的加入！,招聘,招聘,科研,医疗,,,,,,
myy,zz,d53769a3-03c0-44cf-89bd-bba3b3182300,14,http://www.rabbitpre.com/m/Bb6biub,景仁馅饼, 走进景仁,产品推广,产品推广,粮油副食,餐饮,,,,,,
myy,zz,ef185342-321c-4119-92be-0fb21846e8aa,15,http://www.rabbitpre.com/m/AzIRnme,隆金宝招聘--we want you!,有才你就来！我们在寻找才华横溢，怀揣梦想的战友。,招聘,招聘,互联网金融,其它各种金融（待分）,,,,,,
myy,zz,02c4401d-51a2-4715-b06d-65a1a6b47733,16,http://www.rabbitpre.com/m/qEvUvqh,清原木海明玥庄园暑期活动邀请函,清原木海明玥庄园暑期活动方案。,产品推广,招商,特长或素质培训,教育培训,,,,,,
myy,zz,1b1af83d-3d1d-46ae-9900-75a2991dd858,17,http://www.rabbitpre.com/m/qQFRnqA,《翼纪元》第24话 父亲,,个人其它,个人其他,无行业,,,,,,,
myy,zz,838aadf1-82a3-40fa-b43e-f179ea9d3e29,18,http://www.rabbitpre.com/m/bUvibayzd,神州神领头羊模式,半天领头羊模式，做小会您值得选择！,招商,产品推广,奶制品,奶制品,,,,,,
myy,zz,9dd5264a-348d-4fbf-9fda-28c5f84e61e8,20,http://www.rabbitpre.com/m/vqyaMvJ,哈雷电动感谢您的推广，领取推广奬请点击进入！w,领取后24小时内到账,产品推广,产品推广,非机动车,汽车,,,,,,
myy,zz,8da536c6-da0e-4811-8d14-cbc590c4b09b,23,http://www.rabbitpre.com/m/EBuMmFnbG,新春国礼  贡猴鑫喜,2016年1月15日下午 国礼文化发展委员会 “新春国礼  贡猴鑫喜”年会在京举办,行业展会,产品推广,艺术品古董,字画,,,,,,
myy,zz,5828d657-c5d0-44fc-848f-d017da408c5b,24,http://www.rabbitpre.com/m/6vye6fA,浩瀚深度亮相中国通信展,浩瀚诚邀您感受全景大数据 深度体验大数据的智慧之光,产品推广,行业展会,工具软件,通信,,,,,,
myy,zz,46660dd2-8677-4b53-9c27-3cb78eb8dbe4,26,http://www.rabbitpre.com/m/f62F37A2n,社团联合会,外联部！,校园事务,校园事务,学校教育,应试及考试培训,,,,,,
myy,zz,d0d037b2-51b1-4803-84c0-d791769d4ff9,27,http://www.rabbitpre.com/m/QmNmryVvn,双响炮——海宝电动车,极致动感的选择，双响炮爆破登场！ ,产品推广,产品推广,非机动车,汽车,,,,,,
myy,zz,596b1bd4-ec33-4426-8e90-d4c4d7736575,28,http://www.rabbitpre.com/m/vizFJRYfP,贝思德壁纸新品上市 全国部分区域招代理,墨艺品牌新品火爆上市！全国部分地区隆重招商！招商！招商！重要的事情说三遍！,产品推广,产品推广,家居软饰,家装建材,,,,,,
myy,zz,132fbccd-9121-4894-965b-be633529d448,32,http://www.rabbitpre.com/m/jjVJZnzFH,?祝你?七夕情人节快乐?,,节日祝福,心灵鸡汤,无行业,,,,,,,
myy,zz,fb13929a-a7ee-4781-9e81-76aa9306f777,33,http://www.rabbitpre.com/m/Y3FfMAuiQ,圣诞邀请卡,欢迎您的到来,其他宴请,个人其他,无行业,,,,,,,
myy,zz,ea5c67fd-cec4-48ec-8d68-745c19fb81ee,34,http://www.rabbitpre.com/m/aA32Mzt,“优秀医学著作暨文献检索、SCI论文”学术会议邀请函,“优秀医学著作暨文献检索、SCI论文”学术会议邀请函,行业论坛,行业论坛,科研,医疗,,,,,,
myy,zz,a2ea217f-c21e-4124-931d-bc9019c510d3,35,http://www.rabbitpre.com/m/vqi7QI3Fq,埃米国际影城,万名会员征集,产品推广,产品推广,电影院,影视,,,,,,
myy,zz,0a0c0ec5-e81a-4683-b38f-ea2dd8c9dada,36,http://www.rabbitpre.com/m/uEJZB2NYf,庆祝国庆67周年，购买江淮轻卡最高可享1.9万优惠,庆祝国庆67周年，海南雄风江淮轻卡特给超值让利，最高可享1.9万元大礼包，与国同庆，您还等什么？,节日祝福,产品推广,汽车服务,汽车,,,,,,
myy,zz,2395c1d5-10b9-449d-9697-b306ebf47913,42,http://www.rabbitpre.com/m/NeqaE3z7B,香港皮草广场 · 太原街    招兵买马！,够逼格，你就来！,招聘,招聘,服装相关,购物中心,,,,,,
myy,zz,c2ed46a8-fd95-48e9-89f6-0b5a2701b98b,48,http://www.rabbitpre.com/m/7Jvyyif,太阳虽远，但必有太阳,口口声声说学历算个屁，心里却还是不甘心。,产品推广,产品推广,内容平台,应试及考试培训,,,,,,
myy,zz,cccebf20-caaa-4ff6-8d99-50e6b8085aff,49,http://www.rabbitpre.com/m/ANFjErO,天一志远-会计代理记账、财税外包、财税顾问、企业信息化服务等,,产品推广,产品推广,会计,审计,,,,,,
myy,zz,1f8f749d-68ef-402d-8ade-0e3218e7a68c,50,http://www.rabbitpre.com/m/aMIRmbEnw,诸城检车新变革，有车一族请关注！,0,产品推广,产品推广,汽车服务,交通,,,,,,
myy,zz,05a7d47b-3ce8-4aa8-93de-1f2972739498,52,http://www.rabbitpre.com/m/Q7ZnuaE,史上最长生日派对,,产品推广,产品推广,能源,材料,,,,,,
myy,zz,396c91d1-7957-4afd-93c9-dd47a3ce8f8c,53,http://www.rabbitpre.com/m/3NAAmNAI8,9.8【“厦”末邂逅?勇“港”说爱】联谊活动回顾,9.8【“厦”末邂逅?勇“港”说爱】联谊活动回顾。,相亲,行业展会,无行业,内容平台,,,,,,
myy,zz,501a0fd4-ecc7-4297-b2ba-1a6d097ef5a0,54,http://www.rabbitpre.com/m/ueIZJrR,同花顺销售专场招聘,欢迎加入同花顺,招聘,招聘,互联网金融,内容平台,,,,,,
myy,zz,25b9308a-7695-4beb-97d5-64b14a31a0ba,55,http://www.rabbitpre.com/m/z6Zveal,江苏省云南商会第一届会员代表大会暨第一次理事会,江苏省云南商会第一届会员代表大会暨第一次理事会邀请函,行业论坛,产品推广,政府综合服务,,,,,,,
myy,zz,f30ef8db-15d2-4bd2-8cc3-ef701f0a4e26,56,http://www.rabbitpre.com/m/3FBQAInbx,金羊是如何炼成的？一只羊成“精”的故事！,有机、精选、自由散养、GPS视频监控、排酸、小包装、全部位精细分割！“精”而美！优品.限量供应！,产品推广,产品推广,生鲜水果,农业,,,,,,
myy,zz,966bc801-52b7-4d26-928d-8df20b3eb105,58,http://www.rabbitpre.com/m/N7jUNze,这个国庆，再不去九山就晚了！,弥河之源，大美九山，绿水青山，金山银山。,朋友聚会,产品推广,旅游,旅游,,,,,,
myy,zz,d25b5b04-fbda-4692-99d8-f33839102310,59,http://www.rabbitpre.com/m/En7eEn7Yq,南通星光耀广场，网红诞生记！,星光耀广场，开启完美新生活,产品推广,产品推广,购物中心,零售渠道,,,,,,
myy,zz,344ba23c-6c9c-4ef2-b8d2-36eab50596f4,65,http://www.rabbitpre.com/m/Mm7AeyrqU,保税全球购V4创新型商业模式全球启动会,坤山集团2016 V4创新型商业模式全球启动会将于9.23日正式举行，跨境营销大咖在此恭候！,招商,产品推广,电商,电商,,,,,,
myy,zz,2fe5b593-cc41-499b-a651-7180195e7fa1,68,http://www.rabbitpre.com/m/UZ3VvqUnG,森迈特秋冬大片集结,FASHION引领时尚潮流,产品推广,产品推广,鞋帽,服装,,,,,,
myy,zz,8043dab6-65ba-41de-b571-5dc7629c9544,71,http://www.rabbitpre.com/m/mQjuEb4,皇甫幼儿园艺术中心开课了！,皇甫幼儿园艺术中心开课了！你还在等什么？快点加入吧！,产品推广,产品推广,特长或素质培训,应试及考试培训,,,,,,
myy,zz,d441299b-8ae5-4d20-bcea-6047638021c2,76,http://www.rabbitpre.com/m/qi7QeaUJH,Tsega clothing 七月十五号服装表演秀,青海省西宁市莫佳街凯达广场八楼阿克班玛民族风情宫！,演出,产品推广,服装,服装,,,,,,
myy,zz,05eff3a1-7b5f-47e3-9358-ee3ea70555d2,77,http://www.rabbitpre.com/m/zEnQVvl,乐遇纯K上高店,全国连锁乐遇纯K上高店,产品推广,开业,KTV,KTV,,,,,,
myy,zz,6c46c853-d24e-4067-b6ff-65415cc87a18,78,http://www.rabbitpre.com/m/JJRQmF3VP,山西纳琦环保关爱儿童健康爱心行动,山西纳琦环保关爱儿童健康爱心活动暨启动大会,公益,产品推广,非生活消费品,材料,,,,,,
myy,zz,9dd07cdc-51ce-4e39-a7a4-89dfd25afd19,79,http://www.rabbitpre.com/m/F3iEJn1,西安市临潼区招贤纳士,想拿高工资吗？找我就对了！,招聘,招聘,手机,零售渠道,,,,,,
myy,zz,098d84ff-3bf7-4736-a7c2-3ef0f5110dfa,80,http://www.rabbitpre.com/m/aemUZj,青海茶卡盐湖游记,茶卡盐湖游览散记由高原雪峰倾情制作，可以自动翻页，循环播放，欢迎分享！,个人其它,日记相册,旅游,,,,,,,
myy,zz,159be5b2-9664-468b-8179-e5c35b722971,82,http://www.rabbitpre.com/m/FVjEVnb,Taisun Invitation,Canton Fair  2.2G15-20 Welcome you,产品推广,产品推广,家庭日用,材料,,,,,,
myy,zz,0c5410cc-7e4a-4357-8c25-094e175221dd,83,http://www.rabbitpre.com/m/nNYRQIRmH,天不遂愿——不低头,北星脊柱梳理有限公司,产品推广,产品推广,医疗,其他生活服务,,,,,,
myy,zz,5bfd7aa1-410a-4c2c-85e7-fb74645d48f8,84,http://www.rabbitpre.com/m/AzEVZfs,2015PHARADH忘年会．邀请函,2015PHARADH忘年会诚邀您的参与,年会/庆典,年会/庆典,家电,3C产品,,,,,,
myy,zz,2e3f2e3d-b2fb-43c3-b4ab-99dbf5f0849d,86,http://www.rabbitpre.com/m/YbeiQzV,记录：喜桂图少儿舞团走进央视（第一季）,第一季：喜桂图少儿舞团代表林区孩子，第一次走进央视舞台，艺展林城文化底蕴！,日记相册,演出,无行业,戏剧,,,,,,
myy,zz,c45039e5-167c-4661-95b2-6cd83639f6f6,87,http://www.rabbitpre.com/m/EJR2NYnVd,欢网科技2016.3.24活动邀请函,智能导视2.0产品发布会&电视新业态价值挖掘研讨,行业论坛,产品推广,家电,工具软件,,,,,,
myy,zz,3448a64e-c22c-4d23-b280-c1fdf6d5b61a,92,http://www.rabbitpre.com/m/qyrUnzVJ6,佳木斯中燃特大喜讯,,产品推广,产品推广,家电,能源,能源,,,,,
myy,zz,33f1db53-be66-427a-becb-a55009e1646f,96,http://www.rabbitpre.com/m/NBVbQnb,《广西故事——百年骑楼 梧州印记》,广西卫视 每周六21：20播出 综艺频道 每周日23：00播出,事务性通知/科普,政府事务,建筑业,,,,,,,
myy,zz,6b68981d-8881-4e20-afdb-7cafd8538f23,97,http://www.rabbitpre.com/m/AV3emir,左社区—1号女神张金艳,,个人其它,个人其他,无行业,,,,,,,
myy,zz,963ce6ce-6e5a-4142-9ac5-fb472d1f80df,100,http://www.rabbitpre.com/m/rq2qUbB,基站建到小区里了?赶紧进来看看！,,事务性通知/科普,公益,无行业,,,,,,,
tml,zxw,c6f9e889-5460-46a5-bfab-8e7c4847be28,1801,http://www.rabbitpre.com/m/y67BNrZ,广西菱通竞业电子有限公司,香港新兴盛--广西容县经济开发区菱通竞业电子有限公司--招聘启事！,招聘,招聘,3C产品,材料,招聘,非生活消费品,,,,
tml,zxw,4ea40aa2-b138-47f6-aec9-2bf2f367bcda,1802,http://www.rabbitpre.com/m/uAFNRfw,【iShow】广州大学城万圣节,三大主题，精彩不容错过！,校园事务,演出,学校教育,学校教育,校园事务,学校教育,,,,
tml,zxw,e73ffd9c-f8e3-4dac-9311-ca771505a271,1803,http://www.rabbitpre.com/m/a6IfMu6A2,深圳坪山最造假、最忽悠的一家手机店,揭开7宗假像，看清深圳坪山这家手机店！,心灵鸡汤,事务性通知/科普,无行业,无行业,心灵鸡汤,无行业,,,,
tml,zxw,aca50a8e-915c-46f5-b95c-b375188cc424,1805,http://www.rabbitpre.com/m/maE3qy4,2016年5月ASP研讨会--丽水站,专业打造，应用快捷。,行业论坛,讲座,商业经验技能培训,工具软件,行业论坛,商业经验技能培训,,,,
tml,zxw,c6873c00-aa9f-42ca-9129-a16d4a1cd59a,1806,http://www.rabbitpre.com/m/7jQZBjX,腾冲和顺小鸟－天下和顺－流畅摄于和顺,,产品推广,心灵鸡汤,旅游,,心灵鸡汤,无行业,,,,
tml,zxw,bc1b97cb-3470-4b19-88c1-698dd385a164,1807,http://www.rabbitpre.com/m/aiVBeMmj6,今天不等你了，年底再约,长达145天的快乐，让我难舍！！！,个人其它,产品推广,无行业,度假,产品推广,度假,,,,
tml,zxw,3443cb72-8b29-4ac6-ab1f-ec98214b7e58,1808,http://www.rabbitpre.com/m/YnjbqU37M,兴业银行“快速消费贷”,申请“快速消费贷”奋力起跑！让你的人生“快”人一步！,产品推广,产品推广,银行,其它休闲娱乐场所,产品推广,银行,,,,
tml,zxw,a76c9121-830a-4f10-ab18-b3749f1ad36b,1809,http://www.rabbitpre.com/m/ZNNnu2V,此物可做菜，又是防癌神器！你还不知道吧！！,阅读100000+，别私藏，请传发出去，让更多人知道！！,心灵鸡汤,产品推广,无行业,银行,心灵鸡汤,无行业,,,,
tml,zxw,50ab9828-01b5-4633-a652-efd7cb5bb90f,1810,http://www.rabbitpre.com/m/ibqijb6Ad,2016年佳宝幼儿园“文艺晚会”邀请函,2016年佳宝幼儿园庆六一“花季有爱?绽放未来”文艺汇演 ,校园事务,心灵鸡汤,学校教育,无行业,校园事务,学校教育,,,,
tml,zxw,72a6f5f5-b360-412b-8fb7-668e0d7a452a,1811,http://www.rabbitpre.com/m/NmjbMAmNA,在這難忘的時刻,在這難忘的時刻，心中有一支歌，带着牵挂，带着祝福，带着乡音，带着乡情。,心灵鸡汤,演出,无行业,学校教育,心灵鸡汤,无行业,,,,
tml,zxw,9be7233b-2b51-4e1f-89fd-fa12ba204548,1812,http://www.rabbitpre.com/m/BF7RVfi,【齐鲁银行西市场支行】2016年贵金属展销邀请函,金猴贺岁 灵猴献瑞 2016年1月18日 西市场支行贵金属展销邀您共赏！,产品推广,心灵鸡汤,银行,无行业,产品推广,银行,,,,
tml,zxw,68193a96-2085-4c55-8354-461c2ee36450,1813,http://www.rabbitpre.com/m/B2VfEBmrB,第21届虎门服交会邀请函,第21届中国（虎门）国际服装交易会暨2016虎门时装周,行业展会,行业展会,服装相关,其它金融服务（待分）,行业展会,服装相关,,,,
tml,zxw,286cd117-2e18-4b69-bb6b-9747b1ebe73d,1814,http://www.rabbitpre.com/m/zANFRfo,虚位以待，等你来拼！,,招聘,行业展会,美容整形,服装,招聘,美容整形,,,,
tml,zxw,4984a46d-179c-4c61-9937-3e6c28b4ba28,1815,http://www.rabbitpre.com/m/JzErQne,属于你的购物攻略-湖南,提供新鲜、超值、品质、健康的商品给您挑选！,产品推广,招聘,电商,服装,产品推广,电商,,,,
tml,zxw,f4585afd-2eb4-4bbb-b154-56097ccc487a,1816,http://www.rabbitpre.com/m/Iv2mAfD,东阿一中九三级八班同学聚会邀请函,20年未见，同学你可好？,校友会,产品推广,学校教育,购物中心,校友会,学校教育,,,,
tml,zxw,c82e47e3-48cd-401a-accc-60194ad468eb,1817,http://www.rabbitpre.com/m/eyVBY3rM3,我是第{{count}}位参加此次点击的用户,大齐POP秋季招生开始了！,校园事务,校园事务,特长或素质培训,学校教育,校园事务,特长或素质培训,,,,
tml,zxw,e381aa78-cf5e-4cbd-91f8-e9d2a88c2e04,1818,http://www.rabbitpre.com/m/ZrMJrus,中商荟买  招商启动,社区超市联手荟买网，线上线下社区布局，打造私人定制购销平台！,产品推广,招商,电商,购物中心,招商,电商；零售渠道,,,,
tml,zxw,99737453-ccec-4bc0-a1e0-3f43c26d916c,1819,http://www.rabbitpre.com/m/RNNRniV,蒙台梭利艺术幼儿园,,校园事务,产品推广,特长或素质培训,购物中心,校园事务,学校教育,？,,,
tml,zxw,1ac74701-ec97-49d7-8dd3-cbb8e228bab4,1821,http://www.rabbitpre.com/m/F3MZ7f9,诚信买买卖宝，赢在2016！！加油，come on,诚信买卖宝，诚信赢天下，财富大摇摆，大家一起来,产品推广,校园事务,互联网金融,学校教育,产品推广,互联网金融,,,,
tml,zxw,bef83b92-08eb-42c1-9932-970b210d1710,1822,http://www.rabbitpre.com/m/YVneae0,美道100旺客隆店3月3日盛大开业！,美道100旺客隆店3月3日盛大开业！各种优惠各种送，多种大礼等你来拿！,开业,产品推广,零售渠道,工具软件,开业,面部护理；美容整形；美发美甲,,,,
tml,zxw,109d462a-e487-418c-83b1-81b7c8f22c79,1823,http://www.rabbitpre.com/m/6uEn7IJna,紧急通知：多乐士油漆搬迁啦！！！,地址：中润国际商贸城1期22栋1楼12号 联系电话：6798877  13183754999,事务性通知/科普,开业,家装建材,购物中心,事务性通知/科普,家装建材,,,,
tml,zxw,fe37cd69-9e9e-44a7-beb2-4ddc282f09b4,1824,http://www.rabbitpre.com/m/FfyEv2b,I WANT YOU！！JOIN US！,I WANT YOU,招聘,产品推广,互联网金融,家装建材,招聘,互联网金融,,,,
tml,zxw,b2c030fc-6f6c-4dda-ba16-3b530f5fb242,1825,http://www.rabbitpre.com/m/ERIfizb6t,“浙江大学庆元精英班”上课时间通知,,校园事务,招聘,学校教育,互联网金融,校园事务,学校教育,,,,
tml,zxw,32a5c2dd-75b1-4d70-b8ed-ddfeb81a164e,1826,http://www.rabbitpre.com/m/bEzM7fk,立白好爸爸陪你过六一，来欧尚放“粽”到底！！！,立白好爸爸陪你过六一，来欧尚放“粽”到底~立减20元组合套餐，一惠到底（5.31-6.9）！,产品推广,产品推广,清洁洗涤,学校教育,产品推广,清洁洗涤,,,,
tml,zxw,b99d4e95-379d-451e-a2e8-db5207ffe6b4,1827,http://www.rabbitpre.com/m/QYZBIB2zx,“阿里战神”梅开二度 隆重招募！！,“阿里战神”一期已陆续登陆各大舞台！成为阿里战神--灯光投下，音乐响起，掌声欢呼，一切等你！,招聘,招聘,广告,学校教育,招聘,广告,,,,
tml,zxw,ce7c6fab-03c7-43ec-bc7a-e7ba45e37827,1828,http://www.rabbitpre.com/m/myM7Zni,元平方.开业邀请函,我们与其感叹 不如一起玩耍 ......2016.06.18...20:00,开业,开业,无行业,学校教育,开业,无行业,,,,
tml,zxw,fd7019ff-33b7-4e2c-9c5b-1ef87a70f524,1829,http://www.rabbitpre.com/m/im6RNzs,寻软,寻找你需要的软件,产品推广,招聘,内容平台,工具软件,产品推广,内容平台,,,,
tml,zxw,160ef315-6137-47ad-893b-3cd13d927126,1830,http://www.rabbitpre.com/m/FF7vIzk,您是第{{count}}位参加此次点击的用户,Sieson丝颂潮沙龙诚邀您组队加入我们的平台，一起创造年轻的未来！,招商,产品推广,美发美甲,美发美甲,招聘,美发美甲,,,,
tml,zxw,36e42b52-d4b7-4862-9642-79f1048fdcb6,1831,http://www.rabbitpre.com/m/NrYRFzt,为爱结婚—2016沙坪坝王府井婚庆节,,婚礼邀请,产品推广,无行业,婚庆,婚礼邀请,无行业,,,,
tml,zxw,6e1c879f-0271-416b-9bc9-1930c782026a,1834,http://www.rabbitpre.com/m/jVRQQIfaU,嘉兴野马汽车4S店,嘉兴野马汽车招聘通道开启~,招聘,招聘,汽车服务,汽车,招聘,汽车服务,,,,
tml,zxw,7f295d50-4dda-4267-9755-f08f94d1636f,1837,http://www.rabbitpre.com/m/EFVVJvT,清华校友学堂健康大讲座,为帮助校友实现 “为祖国健康工作五十年”的目标，清华校友生命科学与医疗健康协会本着服务学校、服务校友,校园事务,讲座,学校教育,,校园事务,学校教育,,,,
tml,zxw,bee8cdb0-bf4e-4126-871b-b6cfe54a1ed8,1838,http://www.rabbitpre.com/m/bi6neav,配餐服务中心出品研发工作室,“健康伴我行”之“防核杯”厨艺达人秀活动圆满落幕,行业论坛,演出,餐饮,餐饮,行业论坛,餐饮,,,,
tml,zxw,bc5093e9-00cb-4f9e-b0cc-99e6730c0165,1840,http://www.rabbitpre.com/m/3ra6YvMuw,南康万客隆超市竟然和心相印纸巾这样...,我和小伙伴都惊呆了，南康万客隆超市竟然这样做...,产品推广,产品推广,零售渠道,常见生活日用(可考虑再细分),产品推广,纸品；零售渠道,,,,
tml,zxw,4f44616c-86e8-41dc-98c9-801183b2d988,1841,http://www.rabbitpre.com/m/bA3Qve2,贝基全国招商会·塔城站,最火爆的创业平台登录塔城，10月15日与你相约塔城华宝国际。微商常青藤贝基总代现场为你分析市场趋势！,招商,招商,电商,学校教育,招商,电商,,,,
tml,zxw,c034aa93-9a8b-4dd9-ba2c-b2f8a4f6072e,1842,http://www.rabbitpre.com/m/YJZJJvUvw,R'FTER 撒野 · SUMMER 2017大秀邀请函,Welcome to HPLY Fashion Show,产品推广,产品推广,无行业,服装,产品推广,服装,,,,
tml,zxw,ceafc652-889d-4476-8ee4-0e809b42dcc0,1843,http://www.rabbitpre.com/m/ZJZ3V3FBX,安徽·池州SIESON·潮沙龙要给你的夏天来点不一样的！,安徽·池州SIESON·丝颂，8月20日震撼来袭！期待你的到来!,产品推广,产品推广,美发美甲,洗发,产品推广,美发美甲,,,,
tml,zxw,699a64d3-846d-4345-bec2-91bc4f6d24e4,1844,http://www.rabbitpre.com/m/3aU3im8,英大财险北京市通州支公司招聘,英大财险北京市通州支公司开始招聘啦~大家快来啊！,招聘,产品推广,保险,保险,招聘,保险,,,,
tml,zxw,9c6e359a-1d13-4a5d-8aa5-274f56fe1385,1846,http://www.rabbitpre.com/m/jYrQ7nZ,广汽丰田2016第一届校园挑战赛,集结汽车人联盟 · 智造无界限未来,艺术竞赛,文化竞赛,汽车,汽车,艺术竞赛,汽车,,,,
tml,zxw,cf562f87-57de-4ee2-8dee-f6e6f2f842e3,1847,http://www.rabbitpre.com/m/FRuMYvEBj,彩如火——蒋烨水彩画品鉴会邀请函,彩如火——蒋烨水彩画品鉴会,行业展会,行业展会,艺术品古董,出版,行业展会,艺术品古董,,,,
tml,zxw,2d7d2104-9413-41d4-ab72-fd2e084d8193,1848,http://www.rabbitpre.com/m/nyyQjqW,郑州赋安防火门年会邀请函,,行业展会,年会/庆典,家装建材,安保,年会/庆典,家装建材,,,,
tml,zxw,c84bb768-b63d-488a-9aa2-2b9b14185dbe,1849,http://www.rabbitpre.com/m/2N2biriNJ,迎战台风【莎莉嘉】我是第{{count}}位为海南祈福的人！,台风无情，但你我有情！,心灵鸡汤,心灵鸡汤,其它社会服务,无行业,心灵鸡汤,其它社会服务,,,,
tml,zxw,db7b9b31-7a0c-41dc-9c0c-d5b4ba86405b,1850,http://www.rabbitpre.com/m/aqi7Ifqyh,分享100我来了,开启互联网＋全民通讯运营时代，分享100你我的运营世界,产品推广,招聘,通信,通信,产品推广,通信,,,,
tml,zxw,17cf523d-045c-40b4-b6f2-66ac4e86db4e,1851,http://www.rabbitpre.com/m/F7v6bqZ,【去农庄联袂智奇教育】超强记忆4小时免费教学已启动报名！,全面的记忆学习法则，深度挖掘记忆能力，给孩子的未来带来无限可能性！,校园事务,校园事务,特长或素质培训,学校教育,校园事务,特长或素质培训,,,,
tml,zxw,d35083c2-bcbe-4deb-a830-1a9aa6564897,1853,http://www.rabbitpre.com/m/A7zqY3s,艺书文心书法作品展,四川美术学院2016首届书法本科毕业生作品展,校园事务,行业展会,艺术品古董,学校教育,博物/艺术展,？,,,,
tml,zxw,7b937050-303e-4505-a1d4-d3a9acef1f9b,1856,http://www.rabbitpre.com/m/vmyyqqc,贵阳市政府和浙江大华技术股份有限公司战略合作协议签约,,政府事务,其他,安保,数据计算服务,政府事务,安保,,,,
tml,zxw,4b01c6b0-4d40-4fb8-8478-d6b06952d67f,1857,http://www.rabbitpre.com/m/VRAuaqaUU,为什么有些女人活得那么美？,,心灵鸡汤,产品推广,无行业,学校教育,心灵鸡汤,无行业,,,,
tml,zxw,437ee8ab-1f78-4718-96d7-9a42a38e67a7,1859,http://www.rabbitpre.com/m/RI3NmF3j7,东方金子塔幼稚园国际时代校区2016秋季招生开始啦~,东方金子塔赣州分校十周年庆,校园事务,年会/庆典,学校教育,学校教育,校园事务,学校教育,,,,
tml,zxw,ff71f883-03f0-475d-af7d-aceb9cbdff00,1861,http://www.rabbitpre.com/m/VRAYJJRIb,兴农中学-贵阳银行学费缴费指南,让缴费变得更简单，生活变得更美好！,校园事务,事务性通知/科普,学校教育,学校教育,校园事务,学校教育,,,,
tml,zxw,7a03eae4-4f3c-496c-acda-b3b59112acd4,1863,http://www.rabbitpre.com/m/3jz7QAIJ3,猫和老鼠回来了！？,猫和老鼠网咖邀请函,产品推广,开业,网吧,网吧；其它休闲娱乐场所,开业；产品推广,网吧,,,,
tml,zxw,319d3f59-f04e-4164-a7b0-90f6608f435f,1865,http://www.rabbitpre.com/m/E3biVnjzw,圣诞晚会,民族幼儿师范外语组倾力呈现,校园事务,演出,学校教育,学校教育,校园事务,学校教育,,,,
tml,zxw,b8b5cef9-6409-4927-ac5c-e71d98ad8670,1866,http://www.rabbitpre.com/m/ANZNnyG,百雀羚气韵秋季美白补水节,,产品推广,产品推广,护肤,美妆,产品推广,护肤,,,,
tml,zxw,06e8517d-aa13-45e0-a8ab-1508dafc0181,1868,http://www.rabbitpre.com/m/QeizVZfix,开疆拓土 共创雅居,重金酬谢，“开疆”海南计划 正式启动,产品推广,招商,房地产,商业地产,招商,房地产,,,,
tml,zxw,31359b58-c211-4300-aeaa-3fb5626bf5a5,1869,http://www.rabbitpre.com/m/Y7viAnJ,合伙人招募帖,合力，您梦想扬帆起航的地方。,产品推广,招商,家装建材,家装建材,招商,家装建材,,,,
tml,zxw,0702f28c-0797-4be9-b8eb-a72e2a4f92b0,1870,http://www.rabbitpre.com/m/vqybybq67,张岭&祝小民“真性情”音乐现场,在当今社会，广告宣传布满天下，我们的广告宣传算个球呀。我们所做的就是：把音乐归还给音乐！,产品推广,演出,音乐,音乐,演出,音乐,,,,
tml,zxw,015bde15-b807-45ec-82e6-6dd961838725,1872,http://www.rabbitpre.com/m/Iz2yYn1,2016浙江联通终端众筹订货会暨同心伙伴大会,开放创新，共筹辉煌,年会/庆典,讲座,通信,通信,年会/庆典,通信,,,,
tml,zxw,865ebace-c610-462c-8876-97ba58cbe10e,1876,http://www.rabbitpre.com/m/mmYJFvK,她是你认识的海清么？,5月28日国民媳妇衣柜日，带你去见她！（北京·北四环·居然之家）,产品推广,产品推广,服装相关,家具,产品推广,家具,,,,
tml,zxw,cf200f21-8558-47f3-9e5d-96f263f9c38b,1877,http://www.rabbitpre.com/m/mFnbMInb5,易贝乐携手香格里拉与您共享万圣节饕餮盛宴,,产品推广,产品推广,酒店,学校教育,产品推广,学校教育；酒店,,,,
tml,zxw,9838d700-e230-4e70-9f8c-6ba8cab8b846,1879,http://www.rabbitpre.com/m/uyNQ2FJJn,RCF线阵巡展北京站邀请函,北京神州利业与杭州创达联合举办RCF原装进口系列线阵品鉴与交流会，诚挚邀请您莅临参加！,行业展会,行业展会,非生活消费品,家具,行业展会,非生活消费品,,,,
tml,zxw,aa6b40ea-49c2-40d3-a104-e228c8d9dd5a,1880,http://www.rabbitpre.com/m/j7uiNI3bE,德澳集团2016年新春团拜会！,分享成果、分享喜悦、共迎美好明天！,节日祝福,演出,3C产品,物流,节日祝福,3C产品,？,,,
tml,zxw,6c4ece3a-663f-47f1-b828-330bcadd5be2,1881,http://www.rabbitpre.com/m/EzyUF3e,大族激光光纤打标产品线简介,光纤光纤，一路领先！,产品推广,产品推广,材料,机械制造,产品推广,材料,,,,
tml,zxw,189c5032-03c2-4c66-a3ff-bd9ebdf0a38c,1882,http://www.rabbitpre.com/m/n2aeq2d,千字文巨型标钉日照研讨会,,行业论坛,产品推广,自媒体,学校教育,行业论坛,自媒体,,,,
tml,zxw,346f840b-0a4e-466e-9520-0a5a62b3e533,1884,http://www.rabbitpre.com/m/j2mQjmd,敢想敢为-加入腾讯MIG，Make It Great!,敢想敢为，这是你的舞台 我们已在这里，我们期待你来 加入MIG Make It Great！ ,招聘,招聘,软件互联网,游戏,招聘,软件互联网,,,,
tml,zxw,4059fe85-cf44-44f4-a577-a7a817795b14,1886,http://www.rabbitpre.com/m/VRYR2VJva,银宝山新-CHINAPLAS2016-邀请函,,行业展会,行业展会,材料,其它3C产品,行业展会,非生活消费品,,,,
tml,zxw,5a7755d2-99dd-44bc-95b7-0a894f78dbc6,1887,http://www.rabbitpre.com/m/7VRf63R,乡村集市,新年大促销，风格大方简约，更容易编辑哦~高端定制：最后一页扫一扫二维码添加。谢谢。,产品推广,产品推广,餐饮,购物中心,产品推广,零售渠道,,,,
tml,zxw,7f494b92-6277-4ff6-a700-a7290bc014f3,1890,http://www.rabbitpre.com/m/FBeaEBYfz,@你，倪氏海泰全国通用储值卡钜惠办理中，就差你还没办了！,倪氏海泰品牌旗下各单位（十店通用，住房、餐饮、会议、洗浴、外卖） “迎新纳福，储值卡优惠大赠送”,产品推广,产品推广,消费服务业,餐饮；酒店,产品推广,消费服务业,,,,
tml,zxw,b2f13abb-86c7-4c92-8d3e-0ec3eec514c8,1891,http://www.rabbitpre.com/m/MAea6InbG,尊享好礼送给您,,产品推广,产品推广,邮政,银行,产品推广,邮政,,,,
tml,zxw,ff91f61c-416a-47c3-aa12-135ed0b98a1c,1894,http://www.rabbitpre.com/m/fYzIVf3,加科美容美发品商行520与您一起爱不停！,5.20-i love you-我爱你-朋友圈领好礼啦！数量有限！快来店抢购吧！,产品推广,产品推广,美容整形、美发美甲,美妆,产品推广,美容整形、美发美甲,,,,
tml,zxw,79d16d65-c389-47e4-a567-fc23c947c490,1896,http://www.rabbitpre.com/m/2NYRmrqq9,「恩然 · 别墅度假屋」,恩然· 别墅度假屋  欢迎入住,产品推广,产品推广,住宅,度假,产品推广,度假,,,,
tml,zxw,1976d3a3-0e54-45d4-9c5c-52c55bd99d03,1897,http://www.rabbitpre.com/m/imiQRrZ,新华保险杯广场舞大赛,新华保险杯广场舞大赛来啦！万元大奖等着你！详情请打开连接查看！,艺术竞赛,艺术竞赛,其它社会服务,保险,艺术竞赛,保险,,,,
tml,zxw,3c72c6dd-a5c3-45f8-9e0f-7c7f5c5534cf,1898,http://www.rabbitpre.com/m/UjUN3u3,FIC2016春季展，禹王与你相约~！！！,欢迎您届时莅临禹王，共商健康食品发展！2016.3.23-3.25国际会展中心（61R11展位）,行业展会,产品推广,休闲食品,餐饮,行业展会,休闲食品,,,,
tml,zxw,73ad44f9-9710-4ca1-ad7b-756d5053e9bb,1899,http://www.rabbitpre.com/m/z6ZzQbF,抗击莎莉嘉，我是第{{count}}位为海南加油！,46年来10月份最强台风“莎莉嘉”强势登陆海南万宁！海南告急！,心灵鸡汤,心灵鸡汤,其它社会服务,无行业,心灵鸡汤,其它社会服务,,,,
tml,zxw,fa173cff-cba7-444a-a473-574af61e686e,1900,http://www.rabbitpre.com/m/AIZnNeqae,湘西有这样一座古镇  这样一本大书,一座古镇，一条小巷，一段历史，一段文明。,产品推广,产品推广,政府综合服务,其它社会服务,产品推广,无行业,,,,
tml,zz,2fa37cab-490a-4174-8a9b-e048a7cb0f56,401,http://www.rabbitpre.com/m/NmVvMQ2bv,盘龙峡金色童年之六月旅游攻略,盘龙峡生态旅游区位于广东省德庆县西北部，距县城28公里，整个生态旅游区占地3万亩。,产品推广,产品推广,旅游,酒店,,,,,,
tml,zz,e9785a87-c741-490f-8877-673a63772ce0,402,http://www.rabbitpre.com/m/ZjMrmuo,裕尚茗│0812旗袍鉴赏会,0812~0818旗袍鉴赏会欢迎您,产品推广,产品推广,服装相关,服装,,,,,,
tml,zz,1f774e22-cfad-4d8d-8ec5-dee2d5a6d8f5,403,http://www.rabbitpre.com/m/UJ3b6eaMG,10月29号微平台创新实体经济新动力邀请函,时间：10月29号下午1:00-4:00 地点：宝安西乡登喜路 （宝田一路与前进二路交汇处）,招商,封禁,电商,,,,,,,
tml,zz,fdc05638-51fb-4875-88e4-44ab7df73608,404,http://www.rabbitpre.com/m/nNuUZfE3L,曼妙童声第四张原创童谣《曼妙中国风》面试申请表,曼妙中国风面试申请表，请放心填写您的信息,产品推广,艺术竞赛,教育培训,,,,,,,
tml,zz,18eb4e07-762d-47ef-a925-74f385e231b8,406,http://www.rabbitpre.com/m/iYZV3yi,启智科学部落2016秋季课程招生 ,中小学科学教育平台,校园事务,产品推广,应试及考证培训,应试及考试培训,,,,,,
tml,zz,850f1d53-6775-429d-b4e8-dc37a8e34c48,408,http://www.rabbitpre.com/m/a62NAuUZ4,拉卡拉开发者联盟战略发布会,中国·西安  2016年3月24日—25日,行业论坛,产品推广,非生活消费品,担保,,,,,,
tml,zz,41a8c7da-5684-4312-af06-92b808e82e99,409,http://www.rabbitpre.com/m/2QB3M3,2015年济宁孔子国际学校附属幼儿园毕业典礼,,校园事务,产品推广,教育培训,应试及考试培训,,,,,,
tml,zz,6643f951-cb53-4d7c-bc3c-09563b221d13,410,http://www.rabbitpre.com/m/Qua6AYfMT,山东德州王明散热器有限公司----防冻液对比视频展示,特效防冻液,产品推广,产品推广,非生活消费品,非生活材料,,,,,,
tml,zz,73361814-8d90-4d8e-9ba4-fd3a43fb0a77,414,http://www.rabbitpre.com/m/uirURIBeK,尊贵首选——W 酒店公寓品鉴会,1月27日，W酒店全球唯一在售物业品鉴会，仅在链家地产海外置业。,行业展会,产品推广,住宅,商业地产,,,,,,
tml,zz,aaeb4f8c-dbdb-4752-8321-e7d8cc7c5f2c,417,http://www.rabbitpre.com/m/m7AAIZRIQ,和舰科技15周年中秋庆典,和舰科技15周年中秋庆典 ,年会/庆典,公司会议,非生活消费品,材料,,,,,,
tml,zz,30722ddd-b5fe-4f60-8ca4-30311acd597f,418,http://www.rabbitpre.com/m/RAAQ2z7mr,华自科技2016年正月初七春季大型招聘会,请特别关注华自科技公开招聘日（每周三9：00-17:00）期待您的光临,招聘,招聘,机械制造,化工,,,,,,
